"Time (s)","Acceleration x (m/s^2)","Acceleration y (m/s^2)","Acceleration z (m/s^2)"
5.152267000E-2,-3.026621580E0,-2.231008053E0,-1.045902824E1
6.123694100E-2,-2.918645382E0,-2.645265341E0,-1.010010433E1
7.094965000E-2,-2.796611547E0,-2.982952595E0,-1.089721298E1
8.066392000E-2,-2.574079037E0,-3.100200891E0,-1.067468071E1
9.037735800E-2,-2.365604401E0,-2.796013355E0,-1.102642632E1
1.000900660E-1,-1.551745534E0,-2.528017044E0,-9.319445610E0
1.098036080E-1,-1.264606714E0,-2.257328987E0,-8.737690926E0
1.195178790E-1,-1.582852125E0,-1.884048700E0,-1.026760197E1
1.292313160E-1,-2.181356907E0,-2.563909531E0,-1.042552853E1
1.389440250E-1,-3.151048422E0,-3.377768278E0,-9.834201813E0
1.486575660E-1,-3.749552965E0,-3.677170277E0,-9.547062874E0
1.583718370E-1,-3.864408493E0,-4.156033993E0,-9.089735031E0
1.680852750E-1,-3.297010422E0,-4.850251675E0,-8.955737114E0
1.777979830E-1,-2.385046005E0,-5.743372440E0,-8.393124580E0
1.875115250E-1,-1.901396751E0,-6.435197353E0,-8.433802605E0
1.972257950E-1,-1.858325839E0,-6.595516682E0,-8.076972961E0
2.069392330E-1,-2.044965982E0,-6.839883327E0,-7.890332699E0
2.166519410E-1,-2.770290375E0,-6.578766823E0,-8.373981476E0
2.263654830E-1,-3.033800125E0,-6.195616245E0,-9.058628082E0
2.360797540E-1,-2.789433002E0,-5.671288967E0,-8.462516785E0
2.457931910E-1,-1.712064624E0,-5.549254894E0,-7.092924595E0
2.555059000E-1,-6.490531564E-1,-6.020939827E0,-6.628716946E0
2.652194410E-1,-2.733799815E-1,-6.626623154E0,-6.367599964E0
2.749337120E-1,-1.805384636E0,-6.753442764E0,-5.474778175E0
2.846471500E-1,-3.902693748E0,-7.162914753E0,-5.117948532E0
2.943598580E-1,-4.278666019E0,-7.601100445E0,-5.730810165E0
3.040734000E-1,-3.062513828E0,-7.526922703E0,-6.190531254E0
3.137876700E-1,-1.034596682E0,-7.064808846E0,-5.501099110E0
3.235011080E-1,7.322037220E-1,-7.136593342E0,-5.120341301E0
3.332138160E-1,1.572682738E0,-8.120641708E0,-5.237589836E0
3.429273580E-1,1.325922847E0,-8.987142563E0,-4.131507397E0
3.526416290E-1,1.038784146E0,-9.463613510E0,-3.087638617E0
3.623550660E-1,6.669992954E-2,-9.387042999E0,-3.104388237E0
3.720677750E-1,-1.592423439E0,-8.752646446E0,-3.176172972E0
3.817813160E-1,-2.253141642E0,-8.139784813E0,-2.855534792E0
3.914955870E-1,-2.464009047E0,-7.718348503E0,-2.822035313E0
4.012090250E-1,-2.552543640E0,-7.720741272E0,-3.351148129E0
4.109217330E-1,-2.291426897E0,-7.984251022E0,-3.231507063E0
4.206352750E-1,-1.563709617E0,-8.175676346E0,-2.896212816E0
4.303495450E-1,-1.013061285E0,-8.228319168E0,-2.505883455E0
4.400629830E-1,-7.594220638E-1,-8.266604424E0,-1.842772484E0
4.497756390E-1,-4.671986103E-1,-8.120641708E0,-1.694417477E0
4.594892330E-1,-8.264211416E-1,-7.782954693E0,-2.424527645E0
4.692035040E-1,-1.805384636E0,-7.567600727E0,-2.743072033E0
4.789169410E-1,-2.459223509E0,-7.452745438E0,-2.407777786E0
4.886296500E-1,-2.411366940E0,-7.522137165E0,-2.242672920E0
4.983431910E-1,-1.779063582E0,-7.711170197E0,-2.829213619E0
5.080574620E-1,-9.077770710E-1,-7.837989807E0,-2.633002281E0
5.177709000E-1,-6.490531564E-1,-7.778169155E0,-2.130210400E0
5.274836080E-1,-1.161416292E0,-7.737491131E0,-1.938485503E0
5.371971500E-1,-1.901396751E0,-7.323233604E0,-1.967199326E0
5.469114200E-1,-2.901895761E0,-6.624230385E0,-2.204387903E0
5.566248580E-1,-3.584448338E0,-6.511767864E0,-2.934497833E0
5.663375660E-1,-3.924229145E0,-6.339484692E0,-3.329612732E0
5.760511080E-1,-3.862015724E0,-6.248258114E0,-2.527418852E0
5.857653790E-1,-3.464508057E0,-5.841478348E0,-1.158126116E0
5.954788160E-1,-3.474079370E0,-5.927619934E0,-7.118647546E-2
6.051915250E-1,-3.761517286E0,-6.573981285E0,-5.907281041E-1
6.149050660E-1,-3.976871252E0,-7.100701332E0,-5.093721151E-1
6.246193370E-1,-3.895515203E0,-7.826025486E0,6.759724021E-2
6.343327750E-1,-3.215654612E0,-8.778966904E0,-4.247260094E-2
6.440454830E-1,-2.233999014E0,-9.719944954E0,-1.621137410E-1
6.537590250E-1,-1.029811025E0,-1.070608711E1,1.016949583E-2
6.634732950E-1,5.048855543E-1,-1.175234795E1,-1.166501045E-1
6.731867330E-1,1.807179332E0,-1.263589859E1,2.760719061E-1
6.828994410E-1,2.123331070E0,-1.297328663E1,1.116251707E0
6.926129830E-1,1.431207061E0,-1.288235855E1,1.817647934E0
7.023273060E-1,1.695913076E-1,-1.237956715E1,2.289333105E0
7.120407430E-1,-9.819545746E-1,-1.157049370E1,2.236690998E0
7.217534520E-1,-2.061715841E0,-1.067019463E1,1.592722535E0
7.314669930E-1,-2.727219582E0,-1.020598698E1,9.008977413E-1
7.411812640E-1,-2.765504837E0,-1.009801102E1,5.823532343E-1
7.508947020E-1,-2.406581402E0,-1.012193871E1,6.996015310E-1
7.606074100E-1,-2.052144527E0,-1.015783119E1,1.049252748E0
7.703209520E-1,-1.980359793E0,-1.011476040E1,1.367797256E0
7.800352230E-1,-1.860718727E0,-9.947262764E0,1.216750264E0
7.897487640E-1,-2.071287155E0,-9.473184586E0,7.043871880E-1
7.994613680E-1,-2.205285072E0,-9.025427818E0,1.226321608E-1
8.091749620E-1,-2.286641121E0,-8.781359673E0,-1.166501045E-1
8.188892330E-1,-2.224427700E0,-8.881858826E0,1.489532143E-1
8.286026700E-1,-2.212463617E0,-9.147761345E0,9.128618240E-1
8.383153790E-1,-2.373081923E0,-9.387042999E0,1.554437399E0
8.480289200E-1,-2.442473650E0,-9.533005714E0,1.552044630E0
8.577431910E-1,-2.416152716E0,-9.576076508E0,8.985049129E-1
8.674567330E-1,-2.133500576E0,-9.739087105E0,8.673982322E-2
8.771693890E-1,-1.956431627E0,-9.858728409E0,-4.064807594E-1
8.868829310E-1,-1.867897153E0,-1.004058266E1,-3.801597059E-1
8.965972020E-1,-1.609173179E0,-1.027059269E1,-2.506481707E-1
9.063106390E-1,-9.867402315E-1,-1.052183914E1,-4.543372095E-1
9.160234000E-1,-2.662015148E-2,-1.077338505E1,-3.945166469E-1
9.257369410E-1,7.345965505E-1,-1.091934681E1,-2.793620527E-1
9.354512120E-1,9.332008362E-1,-1.075424194E1,-3.487538993E-1
9.451646500E-1,5.718846321E-1,-1.032323551E1,-8.554340899E-2
9.548773580E-1,-2.829512656E-1,-9.885049820E0,-9.511470050E-2
9.645909520E-1,-1.499103427E0,-9.293723106E0,-2.075773627E-1
9.743052230E-1,-2.686541557E0,-8.520542145E0,-5.333003402E-1
9.840186600E-1,-3.241975546E0,-8.005785942E0,-1.220339537E0
9.937313680E-1,-3.330509901E0,-7.861917973E0,-1.940878272E0
1.003444962E0,-2.945265532E0,-7.627421379E0,-2.510669231E0
1.013159233E0,-2.305783749E0,-7.541279793E0,-3.128316402E0
1.022872670E0,-1.135095239E0,-8.182855606E0,-3.265006542E0
1.032585379E0,4.280161560E-1,-8.549256325E0,-2.582453728E0
1.042298973E0,3.538386524E-1,-8.123034477E0,-1.091127157E0
1.052013243E0,-5.485545993E-1,-7.811668396E0,8.578268886E-1
1.061726785E0,-2.162214279E0,-6.995417118E0,2.073979139E0
1.071439441E0,-4.149453640E0,-5.982655048E0,1.540080428E0
1.081152983E0,-5.578567028E0,-5.336293697E0,-3.224328458E-1
1.090867306E0,-5.691029549E0,-5.922834396E0,-1.754238129E0
1.100580743E0,-4.999204636E0,-6.700800896E0,-1.950449586E0
1.110293452E0,-3.988835335E0,-7.124629498E0,-1.677667737E0
1.120006993E0,-2.901895761E0,-6.890132904E0,-1.430907965E0
1.129721316E0,-2.308176517E0,-6.313163280E0,-2.144567251E0
1.139434754E0,-2.698505640E0,-6.396912098E0,-3.066103220E0
1.149147462E0,-3.292224884E0,-6.916453838E0,-3.678964853E0
1.158861056E0,-2.983550787E0,-8.391031265E0,-3.442075491E0
1.168575327E0,-2.100000858E0,-9.011071205E0,-1.952842355E0
1.178288868E0,-1.817647934E0,-9.320044518E0,-2.223530531E0
1.188001525E0,-2.456830740E0,-8.975178719E0,-3.542573929E0
1.197715066E0,-3.277868032E0,-7.955537319E0,-5.517848969E0
1.207429389E0,-3.469293833E0,-7.215556622E0,-6.994818687E0
1.217142827E0,-2.705684185E0,-7.253841877E0,-7.708477974E0
1.226855587E0,-1.367498159E0,-7.770990849E0,-6.039783478E0
1.236569129E0,6.771687865E-1,-8.786145210E0,-3.238685369E0
1.246283452E0,2.973082066E0,-9.231510162E0,-2.577668190E0
1.255996889E0,3.902095556E0,-8.802895546E0,-4.667798996E0
1.265709598E0,3.679263830E0,-7.823632717E0,-7.866404533E0
1.275423191E0,2.374577284E0,-7.162914753E0,-9.199805260E0
1.285137462E0,7.896314859E-1,-6.786942482E0,-8.127222061E0
1.294851004E0,-4.289134443E-1,-6.511767864E0,-6.791429043E0
1.304563660E0,-1.101595759E0,-6.006583214E0,-6.133103371E0
1.314277254E0,-7.546364665E-1,-5.307579517E0,-6.595217228E0
1.323991525E0,4.277170449E-2,-4.917250633E0,-7.770691395E0
1.333705066E0,-2.757728100E-1,-4.397708893E0,-9.247661591E0
1.343417723E0,-1.190130115E0,-3.708276987E0,-9.578169823E0
1.353131264E0,-1.690529227E0,-3.480958700E0,-9.678668022E0
1.362845587E0,-2.334497690E0,-3.399303675E0,-9.300303459E0
1.372559129E0,-3.088835001E0,-3.885345697E0,-8.996415138E0
1.382271785E0,-3.500699520E0,-4.543671131E0,-8.898308754E0
1.391985327E0,-3.060121059E0,-5.412863731E0,-8.850452423E0
1.401699650E0,-3.433401346E0,-5.977869034E0,-8.143971443E0
1.411413191E0,-3.048156977E0,-6.633801460E0,-9.144769669E0
1.421125848E0,-1.326820135E0,-5.671288967E0,-9.671489716E0
1.430839441E0,-2.056930065E0,-4.029214382E0,-1.053829002E1
1.440553712E0,-3.546163082E0,-1.608574986E0,-1.181904793E1
1.450267254E0,-4.453341961E0,6.969096065E-1,-1.015513897E1
1.459979910E0,-4.194917202E0,1.819741607E0,-9.898808479E0
1.469693504E0,-3.938585997E0,1.190130115E0,-1.059093189E1
1.479407775E0,-2.107179403E0,-3.206382394E-1,-1.113918781E1
1.489121316E0,1.265204996E-1,-2.657229662E0,-1.124447155E1
1.498833973E0,1.100997567E0,-4.179962158E0,-1.125164986E1
1.508547566E0,3.705884218E-1,-4.105784416E0,-1.057418251E1
1.518261889E0,9.780662507E-2,-3.181556702E0,-1.036810017E1
1.527975327E0,-3.762713671E-1,-2.439482689E0,-1.109611702E1
1.537688087E0,-3.738785386E-1,-2.132902384E0,-1.115115166E1
1.547401629E0,-5.724828243E-1,-2.008475542E0,-1.113679504E1
1.557115952E0,-1.372283816E0,-1.723430514E0,-1.142393398E1
1.566829389E0,-2.231606245E0,-1.419542074E0,-1.141914749E1
1.576542150E0,-3.318545818E0,-9.933205247E-1,-1.152921772E1
1.586255691E0,-4.494019985E0,-3.445664644E-1,-1.142393398E1
1.595970014E0,-5.133202553E0,-2.368894368E-1,-1.200808144E1
1.605683556E0,-4.336093903E0,-7.348956466E-1,-1.200090313E1
1.615396212E0,-3.237190008E0,-8.928219676E-1,-1.183819103E1
1.625109806E0,-2.569293261E0,-1.319043517E0,-1.165633678E1
1.634824077E0,-2.796611547E0,-1.565504193E0,-1.163240814E1
1.644537618E0,-3.392723322E0,-1.522433400E0,-1.151486111E1
1.654250327E0,-3.907479286E0,-8.449655175E-1,-1.111286640E1
1.663963868E0,-4.474877357E0,1.941177398E-1,-1.134497070E1
1.673678191E0,-4.111168385E0,6.203392744E-1,-1.182622719E1
1.683391733E0,-3.256332397E0,3.807578981E-1,-1.196022511E1
1.693104389E0,-2.442473650E0,-2.297109663E-1,-1.230030441E1
1.702817983E0,-2.047358990E0,-1.041176915E0,-1.195304680E1
1.712532306E0,-2.382653236E0,-1.840977907E0,-1.219741344E1
1.722245743E0,-2.533401012E0,-2.348555326E0,-1.226680565E1
1.731958504E0,-2.296212435E0,-2.592623234E0,-1.179033470E1
1.741672045E0,-1.764706731E0,-2.327019930E0,-1.140239811E1
1.751386368E0,-1.444068432E0,-1.651645780E0,-1.123250771E1
1.761099910E0,-1.484746456E0,-9.454640746E-1,-1.174965668E1
1.770812566E0,-1.544566989E0,-5.503492355E-1,-1.201525974E1
1.780526160E0,-2.054537296E0,-9.023932219E-1,-1.229073334E1
1.790240483E0,-2.272284269E0,-1.685145378E0,-1.161326599E1
1.799953920E0,-2.341675997E0,-2.348555326E0,-1.109850979E1
1.809666681E0,-2.430509567E0,-2.906382322E0,-9.805487633E0
1.819380223E0,-1.901396751E0,-3.265305519E0,-1.085653591E1
1.829094545E0,-1.877468467E0,-3.143271685E0,-1.108175945E1
1.838808087E0,-1.680957913E0,-2.942274570E0,-1.095942688E1
1.848520743E0,-1.379462242E0,-2.784049034E0,-1.076560783E1
1.858234337E0,-1.242772222E0,-2.271686077E0,-1.036092186E1
1.867948660E0,-1.704886079E0,-2.020439625E0,-9.671489716E0
1.877662098E0,-2.442473650E0,-1.821835399E0,-9.882058144E0
1.887374858E0,-3.553341627E0,-1.907976985E0,-1.015274620E1
1.897088452E0,-4.115953922E0,-2.408375978E0,-1.051675415E1
1.906802723E0,-3.756731510E0,-3.370589733E0,-1.033938694E1
1.916516264E0,-3.237190008E0,-4.175176620E0,-1.042552853E1
1.926228973E0,-2.533401012E0,-4.941178799E0,-8.838488579E0
1.935942514E0,-2.825325251E0,-5.386542797E0,-8.450551987E0
1.945656837E0,-2.894717216E0,-5.709873199E0,-8.910273552E0
1.955370379E0,-3.174976587E0,-5.530112267E0,-9.285946846E0
1.965083035E0,-3.780659676E0,-4.955535889E0,-8.977272034E0
1.974796629E0,-3.505485058E0,-5.137689114E0,-7.770691395E0
1.984510952E0,-3.352045536E0,-5.654539108E0,-6.573681831E0
1.994224389E0,-3.124727249E0,-6.384948254E0,-6.219244957E0
2.003937150E0,-2.150250196E0,-7.371089935E0,-6.355636120E0
2.013650691E0,-7.211369276E-1,-8.419744492E0,-6.779464722E0
2.023365014E0,3.155534863E-1,-9.015856743E0,-6.741179466E0
2.033078556E0,7.537391186E-1,-8.977571487E0,-6.293422699E0
2.042791264E0,7.866404206E-2,-9.600004196E0,-5.764309883E0
2.052504806E0,-1.499103427E0,-9.360722542E0,-5.443671703E0
2.062219129E0,-2.700898647E0,-8.640183449E0,-5.611168861E0
2.071932670E0,-3.328117132E0,-8.364709854E0,-5.898307800E0
2.081645327E0,-3.993621111E0,-7.548458099E0,-6.058926105E0
2.091358920E0,-3.416651726E0,-6.798906326E0,-5.295017242E0
2.101073243E0,-1.946860313E0,-6.420840263E0,-4.873880386E0
2.110786681E0,-9.840483218E-2,-6.502196312E0,-4.684548378E0
2.120499441E0,7.513462901E-1,-6.813562393E0,-4.119543076E0
2.130213035E0,6.915257573E-1,-7.744669437E0,-3.645465374E0
2.139927306E0,4.929214716E-1,-8.762217522E0,-3.494717360E0
2.149640848E0,8.925228715E-1,-8.630612373E0,-3.659822226E0
2.159353556E0,9.260223508E-1,-8.345566750E0,-3.592823267E0
2.169067098E0,9.308080077E-1,-8.065607071E0,-3.161816120E0
2.178781420E0,4.881358147E-1,-7.359126091E0,-3.176172972E0
2.188494962E0,-7.570292354E-1,-6.162116528E0,-3.193221807E0
2.198207618E0,-1.901396751E0,-4.819144726E0,-2.994318485E0
2.207921212E0,-2.715255499E0,-4.754538536E0,-2.170888424E0
2.217635535E0,-2.660220623E0,-5.542076111E0,-1.399801254E0
2.227349077E0,-1.654636860E0,-6.404090881E0,-1.610668778E0
2.237061733E0,-9.412766099E-1,-7.184450150E0,-1.608275890E0
2.246775327E0,9.062815458E-2,-7.287341595E0,-1.668096542E0
2.256489650E0,1.036391258E0,-7.359126091E0,-1.682453394E0
2.266203087E0,5.886343718E-1,-6.650551319E0,-1.560419440E0
2.275915848E0,3.083750308E-1,-6.040082455E0,-1.919342875E0
2.285629441E0,-1.111167073E0,-5.836692810E0,-2.261815548E0
2.295343764E0,-2.794218540E0,-5.625824928E0,-2.429313183E0
2.305057202E0,-4.218845367E0,-5.784050465E0,-2.733500719E0
2.314769962E0,-4.922634602E0,-5.606682777E0,-2.704786777E0
2.324483556E0,-5.082953453E0,-5.513362408E0,-3.451646566E0
2.334197879E0,-5.217250824E0,-6.310770512E0,-3.482753277E0
2.343911316E0,-5.260321617E0,-7.512565613E0,-2.379063845E0
2.353624077E0,-4.793421745E0,-8.697610855E0,-1.593919039E0
2.363337670E0,-3.241975546E0,-9.887442589E0,-9.379864931E-1
2.373051941E0,-1.458425403E0,-1.058644581E1,-3.224328458E-1
2.382765483E0,-3.667000830E-1,-1.104855919E1,-4.247260094E-2
2.392478191E0,-4.576273263E-2,-1.154895878E1,4.627120793E-1
2.402191733E0,-3.355933726E-1,-1.192732334E1,4.842474759E-1
2.411906056E0,-6.107679605E-1,-1.211874962E1,-4.256233275E-1
2.421619598E0,-8.144569993E-1,-1.243729401E1,-1.043270707E0
2.431332306E0,-8.503493667E-1,-1.281775284E1,-6.601199508E-1
2.441045848E0,-5.892325640E-1,-1.313151169E1,4.172484577E-1
2.450760170E0,-2.135594189E-1,-1.314586830E1,1.346261859E0
2.460473712E0,4.995017126E-2,-1.285603809E1,1.674078584E0
2.470186368E0,9.780662507E-2,-1.228385448E1,1.877767563E0
2.479899962E0,-4.719842672E-1,-1.154895878E1,1.930409670E0
2.489614285E0,-1.082453132E0,-1.064148045E1,1.923231244E0
2.499327827E0,-1.635494232E0,-9.724730492E0,1.580758452E0
2.509040483E0,-1.843968987E0,-9.171689034E0,1.111466169E0
2.518754077E0,-2.219642162E0,-8.733503342E0,6.924230456E-1
2.528468400E0,-2.303390980E0,-8.465208054E0,2.497508675E-1
2.538181941E0,-2.399402857E0,-8.271389961E0,-9.750752151E-2
2.547894598E0,-2.324926376E0,-8.240283012E0,-1.860419661E-1
2.557608191E0,-2.348854542E0,-8.276175499E0,1.226321608E-1
2.567322514E0,-2.468794823E0,-8.508578300E0,5.033900738E-1
2.577035952E0,-2.483151674E0,-8.874680519E0,6.517450809E-1
2.586748712E0,-2.504687071E0,-9.221938133E0,5.584250093E-1
2.596462306E0,-2.387438774E0,-9.559326172E0,8.913264424E-2
2.606176629E0,-2.408974171E0,-9.952048302E0,-1.812563092E-1
2.615890066E0,-2.169392824E0,-1.048116112E1,2.928216755E-1
2.625602827E0,-1.793420553E0,-1.095763206E1,8.793623447E-1
2.635316420E0,-1.281356573E0,-1.128305626E1,9.822536707E-1
2.645030743E0,-7.953144312E-1,-1.141017437E1,9.343972206E-1
2.654744181E0,-4.001995921E-1,-1.127587795E1,6.254240274E-1
2.664456941E0,-3.116651475E-1,-1.103420258E1,-1.854437590E-2
2.674170535E0,-4.145565331E-1,-1.061994553E1,-2.769692242E-1
2.683884806E0,-8.216354847E-1,-1.034955597E1,-1.573280841E-1
2.693598348E0,-1.132702470E0,-1.022273636E1,-7.118647546E-2
2.703311056E0,-1.728814363E0,-9.614361763E0,-4.423730969E-1
2.713024650E0,-2.071287155E0,-9.073583603E0,-1.081555843E0
2.722738920E0,-1.951645970E0,-8.589934349E0,-1.787737608E0
2.732452462E0,-1.728814363E0,-8.261817932E0,-2.170888424E0
2.742165170E0,-1.448854089E0,-7.921738625E0,-2.589632273E0
2.751878712E0,-1.434497118E0,-7.519744396E0,-3.011068106E0
2.761593035E0,-1.350748420E0,-7.617849827E0,-3.159423113E0
2.771306577E0,-9.556335211E-1,-8.764610291E0,-1.558026671E0
2.781019285E0,-8.958129883E-1,-9.583254814E0,9.726824164E-1
2.790732827E0,-4.097708762E-1,-9.329615593E0,1.992623091E0
2.800447150E0,2.940180898E-1,-8.898608208E0,1.894517303E0
2.810160691E0,1.169492081E-1,-8.206783295E0,6.373881102E-1
2.819873400E0,-6.777670383E-1,-7.316055298E0,-1.833201289E0
2.829586941E0,-2.373081923E0,-6.588337898E0,-4.236791611E0
2.839301264E0,-4.379164696E0,-5.769693375E0,-4.555335999E0
2.849014806E0,-5.808577061E0,-5.274080276E0,-3.370290756E0
2.858727514E0,-5.837290764E0,-5.601896763E0,-3.969094455E-1
2.868441056E0,-4.558626175E0,-6.221937180E0,1.281356573E0
2.878155379E0,-2.645863533E0,-6.899703979E0,7.597211599E-1
2.887868920E0,-7.666005492E-1,-7.316055298E0,-5.931209326E-1
2.897581577E0,1.624128371E-1,-7.213163853E0,-2.424527645E0
2.907295170E0,4.208376706E-1,-6.660122871E0,-4.873880386E0
2.917009493E0,-2.662015148E-2,-6.061617851E0,-6.939784050E0
2.926723035E0,-1.142273664E0,-5.932405472E0,-6.762714863E0
2.936435691E0,-2.059323072E0,-6.126224041E0,-5.086842060E0
2.946149285E0,-2.478366137E0,-6.703193665E0,-4.069293976E0
2.955863608E0,-2.504687071E0,-7.316055298E0,-3.061317444E0
2.965577150E0,-2.806182861E0,-7.782954693E0,-2.278565407E0
2.975289806E0,-3.088835001E0,-7.950751305E0,-2.860320330E0
2.985003400E0,-2.593221426E0,-8.225926399E0,-6.018248081E0
2.994717723E0,-6.299105883E-1,-8.709575653E0,-8.759226799E0
3.004431160E0,4.037888348E-2,-8.726325035E0,-8.452944756E0
3.014143920E0,-1.010668516E0,-8.716753960E0,-6.257530212E0
3.023857514E0,-1.712064624E0,-8.561220169E0,-4.361517429E0
3.033571837E0,-1.472782373E0,-8.668897629E0,-3.920938969E0
3.043285275E0,-3.499503136E-1,-8.843573570E0,-4.869094849E0
3.052998035E0,5.192425251E-1,-9.537791252E0,-5.541777134E0
3.062711629E0,6.723831892E-1,-9.743872643E0,-6.425027847E0
3.072425900E0,1.333101273E0,-9.700801849E0,-7.665108204E0
3.082139441E0,1.900499344E0,-9.540184021E0,-8.570193291E0
3.091852150E0,2.707478762E0,-9.238688469E0,-8.242376328E0
3.101565691E0,2.922832966E0,-8.774181366E0,-8.043473244E0
3.111280014E0,2.432005167E0,-7.871489048E0,-7.358827114E0
3.120993556E0,1.594218135E0,-6.827919483E0,-6.334100723E0
3.130706264E0,8.344969153E-2,-5.621039391E0,-6.925426960E0
3.140419806E0,-1.712064624E0,-4.077070713E0,-7.964509964E0
3.150134129E0,-3.062513828E0,-2.745764017E0,-7.907082558E0
3.159847670E0,-3.232404232E0,-2.058724880E0,-8.261519432E0
3.169560327E0,-3.375973701E0,-1.577468276E0,-8.862417221E0
3.179273920E0,-3.457329512E0,-9.598209858E-1,-9.331410408E0
3.188988243E0,-2.794218540E0,-9.167501926E-1,-8.915059090E0
3.198701785E0,-2.629113913E0,-1.484148264E0,-8.869595528E0
3.208414441E0,-2.511865616E0,-2.245364904E0,-1.015992451E1
3.218128035E0,-1.676172256E0,-3.476173162E0,-1.115354443E1
3.227842358E0,-5.126622319E-1,-4.582255363E0,-1.082303619E1
3.237555795E0,-8.404789865E-2,-5.477469921E0,-1.102163982E1
3.247268556E0,-1.226321608E-2,-4.855037212E0,-9.714560509E0
3.256982150E0,-3.188436031E-1,-4.526921272E0,-8.991629601E0
3.266696420E0,-4.815555513E-1,-3.167199850E0,-9.956535339E0
3.276409962E0,-1.293320656E0,-2.242972136E0,-9.046664238E0
3.286122670E0,-1.680957913E0,-2.149652004E0,-9.850952148E0
3.295836212E0,-2.356033087E0,-1.460219979E0,-1.128275681E1
3.305550535E0,-2.214856386E0,-1.457827210E0,-1.087089252E1
3.315264077E0,-2.329711914E0,-1.563111424E0,-1.095703411E1
3.324976785E0,-1.903789520E0,-1.520040631E0,-1.159621716E1
3.334690327E0,-7.283154130E-1,-1.488933921E0,-1.156750298E1
3.344404650E0,7.130611539E-1,-1.642074585E0,-1.089242744E1
3.354118191E0,1.041176915E0,-1.805085540E0,-1.121336555E1
3.363830848E0,-4.217349887E-1,-2.360519648E0,-1.072732258E1
3.373544441E0,-1.690529227E0,-3.076272726E0,-1.158185959E1
3.383258764E0,-2.877967358E0,-3.538386583E0,-1.176162052E1
3.392972306E0,-2.873181820E0,-3.217449188E0,-1.263051414E1
3.402684962E0,-1.695314884E0,-2.374876499E0,-1.269512081E1
3.412398556E0,-8.264211416E-1,-1.603789330E0,-1.176162052E1
3.422112879E0,-6.251249313E-1,-1.024427176E0,-1.168505001E1
3.431826316E0,-7.426723242E-1,-1.618146300E0,-1.192433262E1
3.441539077E0,-8.886345029E-1,-9.143573642E-1,-1.157468128E1
3.451252618E0,-1.721635938E0,-2.482553482E0,-1.160369396E1
3.460966941E0,-3.194119215E0,-2.487339020E0,-1.143829060E1
3.470680483E0,-4.750350952E0,-1.670788407E0,-1.148614693E1
3.480393139E0,-4.527519703E0,-1.359721422E0,-1.191476154E1
3.490106733E0,-3.684946775E0,-6.559324861E-1,-1.192193985E1
3.499821056E0,-2.839682341E0,-3.134597540E-1,-1.213968658E1
3.509534598E0,-2.370688915E0,-3.924229145E-1,-1.180947685E1
3.519247254E0,-2.080858469E0,-7.899305820E-1,-1.122532940E1
3.528960848E0,-1.867897153E0,-1.314257860E0,-1.099053383E1
3.538675170E0,-2.420938253E0,-1.706680775E0,-1.102642632E1
3.548388608E0,-3.244368315E0,-2.147259235E0,-1.104586792E1
3.558101368E0,-3.474079370E0,-2.360519648E0,-1.124447155E1
3.567814910E0,-3.306581736E0,-2.298007011E0,-1.100728321E1
3.577529233E0,-3.019443035E0,-1.948654890E0,-1.101924706E1
3.587242775E0,-2.962015390E0,-1.505683661E0,-1.109372425E1
3.596955431E0,-2.808575630E0,-1.089033365E0,-1.100728321E1
3.606669025E0,-2.636292458E0,-9.023932219E-1,-1.101924706E1
3.616383348E0,-3.206083298E0,-1.170389414E0,-1.061246777E1
3.626096785E0,-2.858824968E0,-1.872084618E0,-1.097139072E1
3.635809545E0,-2.315355062E0,-2.286042929E0,-1.072971630E1
3.645523139E0,-2.037787676E0,-2.874976397E0,-9.963713646E0
3.655237462E0,-1.592423439E0,-3.152842999E0,-1.011685371E1
3.664950900E0,-8.910273314E-1,-3.274876833E0,-1.039681435E1
3.674663660E0,-9.173483849E-1,-2.999702215E0,-1.067468071E1
3.684377202E0,-1.262213945E0,-2.590230465E0,-1.064357376E1
3.694091525E0,-1.882254124E0,-2.482553482E0,-1.034417248E1
3.703805066E0,-2.586043119E0,-2.645265341E0,-1.055743217E1
3.713517723E0,-2.897109985E0,-2.954238653E0,-9.841380119E0
3.723231316E0,-3.084049225E0,-3.562314749E0,-9.817452431E0
3.732945639E0,-3.661018610E0,-3.854238987E0,-9.697811127E0
3.742659077E0,-3.512663603E0,-4.079463482E0,-9.611669540E0
3.752371837E0,-3.012264490E0,-4.522135735E0,-8.857631683E0
3.762085379E0,-2.502294302E0,-5.259723186E0,-8.081758499E0
3.771799702E0,-1.372283816E0,-6.162116528E0,-8.084151268E0
3.781513243E0,6.879365072E-3,-6.770192623E0,-8.793025017E0
3.791225900E0,1.002891779E0,-7.076773167E0,-9.058628082E0
3.800939493E0,5.168496966E-1,-6.964310169E0,-8.665905952E0
3.810653816E0,-8.766704202E-1,-6.399304867E0,-8.043473244E0
3.820367254E0,-2.526222467E0,-6.147759438E0,-6.331707954E0
3.830080014E0,-4.214059830E0,-5.894120216E0,-5.484349728E0
3.839793556E0,-4.618745804E0,-5.695516109E0,-6.302993774E0
3.849507879E0,-3.447758436E0,-5.920441628E0,-7.112366199E0
3.859221420E0,-1.937289000E0,-6.439982891E0,-6.942176819E0
3.868934077E0,-4.265206456E-1,-7.083951473E0,-5.611168861E0
3.878647670E0,1.074676514E0,-7.792526245E0,-4.531407833E0
3.888361993E0,2.178365946E0,-8.685647011E0,-4.849653244E0
3.898075431E0,1.354636669E0,-9.109476089E0,-5.414658546E0
3.907788191E0,-4.695914388E-1,-8.812466621E0,-5.735595703E0
3.917501785E0,-3.191726208E0,-8.072785378E0,-5.393123150E0
3.927216056E0,-3.466900826E0,-7.857132435E0,-5.220839977E0
3.936929598E0,-2.397010088E0,-7.208378315E0,-4.509872437E0
3.946642254E0,-1.494317770E0,-6.868597507E0,-3.075674295E0
3.956355848E0,-6.777670383E-1,-7.167700291E0,-2.190030813E0
3.966070170E0,5.575276613E-1,-7.957930088E0,-2.812463999E0
3.975783608E0,1.474277854E0,-9.279366493E0,-3.547359467E0
3.985496368E0,1.699502230E0,-9.559326172E0,-3.042174816E0
3.995209910E0,1.677966833E0,-9.820443153E0,-3.094816923E0
4.004924233E0,1.050748229E0,-9.150154114E0,-2.469991207E0
4.014637775E0,4.486542661E-3,-8.549256325E0,-2.388635159E0
4.024350431E0,-1.872682810E0,-7.150950432E0,-2.410170555E0
4.034064025E0,-2.468794823E0,-6.325127602E0,-2.273779631E0
4.043778348E0,-2.822932482E0,-6.313163280E0,-1.768594980E0
4.053491785E0,-2.966800928E0,-6.942774773E0,-1.268195987E0
4.063204545E0,-2.554936409E0,-7.778169155E0,-1.620239973E0
4.072918087E0,-1.444068432E0,-8.333602905E0,-2.338385820E0
4.082632410E0,-2.733799815E-1,-8.446065903E0,-3.329612732E0
4.092345952E0,4.184448719E-1,-8.201997757E0,-3.396611691E0
4.102058608E0,5.790630579E-1,-7.703991413E0,-2.510669231E0
4.111772202E0,-2.853440940E-1,-6.672086716E0,-2.606382132E0
4.121486473E0,-1.894218206E0,-5.944369793E0,-2.999104023E0
4.131200014E0,-3.158226728E0,-5.726622581E0,-2.668894529E0
4.140912670E0,-3.936193228E0,-5.680860043E0,-2.307279348E0
4.150626264E0,-4.099204063E0,-5.958726406E0,-1.694417477E0
4.160340587E0,-3.979264021E0,-6.480660915E0,-1.170090318E0
4.170054025E0,-4.517948151E0,-7.251449108E0,-3.290131316E-2
4.179766785E0,-4.872385025E0,-7.809275627E0,7.716853172E-2
4.189480327E0,-4.206881523E0,-8.410173416E0,-8.276175261E-1
4.199194650E0,-2.691327333E0,-8.848359108E0,-1.081555843E0
4.208908191E0,-2.092822552E0,-9.334401131E0,-6.242275834E-1
4.218620848E0,-1.707278967E0,-9.712766647E0,6.759724021E-2
4.228334441E0,-1.237986565E0,-1.029452133E1,6.852445602E-1
4.238048712E0,-1.199402362E-1,-1.096002483E1,1.034895778E0
4.247762254E0,1.033998489E0,-1.146999550E1,8.338986635E-1
4.257474910E0,1.563111424E0,-1.192493057E1,4.818546474E-1
4.267188504E0,1.275673628E0,-1.231496048E1,4.866403043E-1
4.276902827E0,4.160520434E-1,-1.259761333E1,8.769695163E-1
4.286616264E0,-2.135594189E-1,-1.293500137E1,1.075573802E0
4.296329025E0,-5.676971674E-1,-1.322483158E1,1.334297776E0
4.306042566E0,-9.077770710E-1,-1.306690502E1,1.676471353E0
4.315756889E0,-1.367498159E0,-1.254975700E1,2.076371908E0
4.325470431E0,-1.910967946E0,-1.165663528E1,1.911267042E0
4.335183087E0,-2.217249393E0,-1.054576778E1,1.410868049E0
4.344896629E0,-2.430509567E0,-9.387042999E0,9.415757060E-1
4.354610952E0,-2.901895761E0,-8.331210136E0,4.268197417E-1
4.364324493E0,-3.299403429E0,-7.732705593E0,2.991028363E-3
4.374037150E0,-3.529413462E0,-7.479066372E0,2.306082845E-1
4.383750743E0,-3.811766386E0,-7.256234646E0,5.129613280E-1
4.393465014E0,-3.653840065E0,-7.318448067E0,6.565307379E-1
4.403178556E0,-3.167798042E0,-7.735098362E0,3.598206937E-1
4.412891212E0,-2.329711914E0,-8.312067986E0,4.606183618E-2
4.422604806E0,-1.580459356E0,-8.965607643E0,3.023929596E-1
4.432319129E0,-1.027418256E0,-9.595218658E0,4.268197417E-1
4.442032566E0,-3.714857101E-1,-1.008365345E1,5.464608669E-1
4.451745275E0,8.823533356E-2,-1.057208824E1,6.469594240E-1
4.461458868E0,4.761717021E-1,-1.101027393E1,8.769695163E-1
4.471173191E0,8.111668825E-1,-1.142692471E1,1.097109199E0
4.480886629E0,8.039883971E-1,-1.166860008E1,1.077966571E0
4.490599389E0,6.843472719E-1,-1.174516964E1,1.037288666E0
4.500312931E0,4.280161560E-1,-1.153938675E1,1.276570916E0
4.510027254E0,-1.776670814E-1,-1.120648575E1,1.281356573E0
4.519740691E0,-5.246263742E-1,-1.054098225E1,1.164108157E0
4.529453452E0,-7.019943595E-1,-9.920941353E0,9.966106415E-1
4.539166993E0,-7.163512707E-1,-9.367900848E0,6.326025128E-1
4.548881316E0,-9.029914737E-1,-9.003892899E0,1.106680483E-1
4.558594754E0,-1.389033556E0,-8.726325035E0,-2.673979402E-1
4.568307514E0,-2.382653236E0,-7.873881817E0,-4.232304990E-1
4.578021056E0,-3.198904753E0,-7.296912670E0,-5.141577721E-1
4.587735379E0,-3.771088600E0,-7.653742313E0,-5.620142221E-1
4.597448920E0,-3.498306751E0,-8.422137260E0,1.633101404E-1
4.607161577E0,-2.231606245E0,-9.181260109E0,4.962115884E-1
4.616875170E0,-8.551349640E-1,-9.470791817E0,-6.098706722E-1
4.626589441E0,-2.279163599E-1,-9.286544800E0,-1.809273005E0
4.636302983E0,-3.212364316E-1,-8.771788597E0,-2.843570709E0
4.646015639E0,-1.139880896E0,-7.974679470E0,-3.796512127E0
4.655729233E0,-2.255534410E0,-7.189235687E0,-4.093222141E0
4.665443504E0,-3.541377544E0,-6.648158550E0,-3.609572887E0
4.675157045E0,-4.391128540E0,-6.291627884E0,-2.532204628E0
4.684869702E0,-3.864408493E0,-6.767799854E0,-1.387837172E0
4.694583295E0,-2.825325251E0,-7.292127132E0,-2.745763958E-1
4.704297566E0,-1.298106313E0,-7.538887024E0,-1.162911773E0
4.714011108E0,-4.360919297E-1,-7.304090977E0,-2.328814745E0
4.723723764E0,-1.310070395E0,-6.760621071E0,-2.881855726E0
4.733437358E0,-3.368795156E0,-5.927619934E0,-2.577668190E0
4.743151629E0,-5.609673500E0,-5.422435284E0,-1.457229018E0
4.752865170E0,-6.474080563E0,-5.082355499E0,-9.667003751E-1
4.762577827E0,-5.030311584E0,-5.278865814E0,-1.354337573E0
4.772291420E0,-2.643470764E0,-6.040082455E0,-2.022234201E0
4.782005691E0,-2.327020019E-1,-7.060023308E0,-2.953640461E0
4.791719233E0,2.106282234E0,-8.486743927E0,-3.973581076E0
4.801431889E0,2.197508574E0,-9.387042999E0,-6.034997940E0
4.811145483E0,-2.614158690E-1,-9.298508644E0,-6.068497181E0
4.820859754E0,-4.376771927E0,-8.934500694E0,-3.293720484E0
4.830573295E0,-7.165905476E0,-8.688039780E0,-1.469193101E0
4.840285952E0,-5.784648895E0,-9.104690552E0,-3.281756163E0
4.849999545E0,-2.846860647E0,-1.016979504E1,-6.755536556E0
4.859713868E0,-8.048857450E-1,-1.019641590E1,-7.227221489E0
4.869427306E0,7.776673436E-1,-1.087149048E1,-4.976771832E0
4.879140014E0,2.941975355E0,-1.219532013E1,-4.090829372E0
4.888853608E0,4.462315083E0,-1.225992584E1,-4.741976261E0
4.898567931E0,4.735096931E0,-1.182413292E1,-5.441278458E0
4.908281368E0,3.727120399E0,-1.073240757E1,-6.640681267E0
4.917994077E0,1.756929994E0,-9.030213356E0,-6.911069870E0
4.927707670E0,-3.403790295E-1,-7.701598644E0,-7.435397148E0
4.937421993E0,-1.300499082E0,-6.724729061E0,-7.016354084E0
4.947135431E0,-1.326820135E0,-6.049654007E0,-6.291029930E0
4.956848191E0,-1.673779488E0,-5.231009483E0,-6.034997940E0
4.966561733E0,-2.162214279E0,-4.223032951E0,-6.564110756E0
4.976276056E0,-2.554936409E0,-3.449851990E0,-6.781857491E0
4.985989493E0,-1.863111496E0,-3.404089212E0,-8.342875481E0
4.995702202E0,-1.072881818E0,-3.564707518E0,-1.125643635E1
5.005415795E0,-1.386640668E0,-3.406482220E0,-1.001635551E1
5.015130118E0,-2.791825771E0,-3.205485106E0,-7.657929897E0
5.024843556E0,-4.391128540E0,-2.583052158E0,-8.570193291E0
5.034556316E0,-4.970490932E0,-2.195115566E0,-9.884450912E0
5.044269858E0,-4.652245522E0,-2.219043970E0,-1.003549862E1
5.053984181E0,-3.517449379E0,-2.729014158E0,-9.434600830E0
5.063697618E0,-1.460818172E0,-3.555136204E0,-8.917451859E0
5.073410379E0,1.384846121E-1,-4.065106392E0,-9.403493881E0
5.083123920E0,1.304387450E0,-4.050749779E0,-9.185447693E0
5.092838243E0,1.555633783E0,-4.053142548E0,-8.395517349E0
5.102551681E0,4.474578202E-1,-3.643670797E0,-9.183054924E0
5.112264441E0,-4.863412082E-1,-2.827120066E0,-9.530313492E0
5.121977983E0,-1.008275628E0,-2.056331873E0,-9.477671623E0
5.131692306E0,-2.138286114E0,-1.342971683E0,-1.000199890E1
5.141405848E0,-1.683350682E0,-8.641080856E-1,-1.071296597E1
5.151118504E0,-5.389832854E-1,-2.991028428E-1,-1.061246777E1
5.160832098E0,-2.336890459E0,-9.287142754E-1,-1.073210907E1
5.170546368E0,-2.684148788E0,-1.100997567E0,-1.036331463E1
5.180259910E0,-3.457329512E0,-1.958226204E0,-1.056700420E1
5.189972566E0,-3.141477108E0,-1.872084618E0,-1.130429268E1
5.199686160E0,-3.579662561E0,-2.049153566E0,-1.102642632E1
5.209400431E0,-3.562912941E0,-1.998904228E0,-1.064596748E1
5.219113973E0,-3.191726208E0,-1.781157374E0,-1.051196861E1
5.228826629E0,-2.880360365E0,-1.884048700E0,-1.157468128E1
5.238540223E0,-2.363211393E0,-2.065903187E0,-1.186211872E1
5.248254545E0,-2.293819666E0,-1.989332914E0,-1.200808144E1
5.257967983E0,-2.164607286E0,-1.701895118E0,-1.157946682E1
5.267680743E0,-2.167000055E0,-1.319043517E0,-1.181665516E1
5.277394285E0,-2.095215321E0,-9.454640746E-1,-1.216630650E1
5.287108608E0,-2.171785593E0,-9.311071038E-1,-1.227398396E1
5.296822045E0,-2.636292458E0,-1.273579836E0,-1.207268715E1
5.306534806E0,-2.866003275E0,-1.457827210E0,-1.207268715E1
5.316248348E0,-3.081656456E0,-1.575075507E0,-1.212293720E1
5.325962670E0,-3.026621580E0,-1.553540111E0,-1.231466198E1
5.335676212E0,-2.344068766E0,-1.570289850E0,-1.261376476E1
5.345388868E0,-1.827219248E0,-1.596610904E0,-1.178076363E1
5.355102462E0,-1.932503343E0,-1.378864050E0,-1.215165043E1
5.364816733E0,-2.404188633E0,-1.481755376E0,-1.192672539E1
5.374530275E0,-2.801397085E0,-1.603789330E0,-1.145025444E1
5.384242931E0,-3.191726208E0,-1.654038668E0,-1.174008560E1
5.393956525E0,-3.522234917E0,-1.670788407E0,-1.170419312E1
5.403670848E0,-3.601198196E0,-1.697109461E0,-1.134257793E1
5.413384285E0,-3.534198999E0,-1.457827210E0,-1.101446152E1
5.423097045E0,-3.050549746E0,-1.228116274E0,-1.115354443E1
5.432810587E0,-2.672184706E0,-1.393221021E0,-1.077757263E1
5.442524910E0,-2.358425856E0,-1.429113269E0,-1.098814106E1
5.452238452E0,-2.425724030E0,-1.512862086E0,-1.002353382E1
5.461951108E0,-3.308974504E0,-1.646860242E0,-9.846165657E0
5.471664702E0,-4.312165737E0,-1.718644857E0,-1.017428207E1
5.481378973E0,-4.628317356E0,-2.006082773E0,-9.910772324E0
5.491092514E0,-4.438984871E0,-2.108973980E0,-1.041356373E1
5.500805170E0,-3.900300980E0,-2.233400822E0,-1.004267693E1
5.510518764E0,-3.670589924E0,-2.089831591E0,-9.781559944E0
5.520233087E0,-3.864408493E0,-1.802692771E0,-9.702596664E0
5.529946525E0,-3.773481369E0,-2.207079887E0,-1.017188931E1
5.539659285E0,-3.139084101E0,-2.427518606E0,-1.017667484E1
5.549372827E0,-2.241177559E0,-2.757728100E0,-1.127079296E1
5.559087150E0,-1.154237866E0,-3.270091295E0,-1.068903828E1
5.568800691E0,-4.265206456E-1,-3.614956856E0,-9.858130455E0
5.578513348E0,1.025922745E-1,-3.653241873E0,-1.013360405E1
5.588226889E0,5.910272002E-1,-3.763311863E0,-9.803094864E0
5.597941212E0,5.144568682E-1,-3.803989887E0,-1.050957584E1
5.607654754E0,-8.404789865E-2,-3.995415688E0,-1.005224800E1
5.617367410E0,-6.900302172E-1,-4.117748737E0,-9.513564110E0
5.627081004E0,-6.777670383E-1,-4.514957428E0,-9.297910690E0
5.636795327E0,-3.978067636E-1,-4.744967461E0,-8.362017632E0
5.646508764E0,-9.870393202E-3,-5.317151070E0,-7.607680321E0
5.656221525E0,5.503492355E-1,-5.977869034E0,-7.737192154E0
5.665935066E0,1.022034407E0,-6.375376701E0,-8.560622215E0
5.675649389E0,4.280161560E-1,-6.514160633E0,-7.358827114E0
5.685362931E0,-6.442674994E-1,-6.533303261E0,-7.196115017E0
5.695075587E0,-1.808076620E0,-6.152545452E0,-7.655537128E0
5.704789181E0,-3.005086184E0,-5.556433201E0,-8.373981476E0
5.714503452E0,-3.495913982E0,-5.173581600E0,-8.060222626E0
5.724216993E0,-3.127120018E0,-5.589932919E0,-6.927819729E0
5.733929650E0,-3.186940670E0,-6.083153248E0,-6.384349823E0
5.743643243E0,-2.495115757E0,-6.861418724E0,-6.113960743E0
5.753357566E0,-1.511067510E0,-7.086344242E0,-5.840879917E0
5.763071004E0,-4.576273263E-1,-7.567600727E0,-6.061318874E0
5.772783764E0,4.328017831E-1,-7.876275063E0,-5.907878876E0
5.782497306E0,8.087740541E-1,-7.613064289E0,-5.479563713E0
5.792211629E0,7.058826685E-1,-7.639385223E0,-5.237589836E0
5.801925170E0,-1.199402362E-1,-7.955537319E0,-4.751547337E0
5.811637827E0,-1.453639746E0,-8.577970505E0,-4.009473324E0
5.821351420E0,-2.437688112E0,-8.845966339E0,-3.437289715E0
5.831065691E0,-2.621935368E0,-9.387042999E0,-2.934497833E0
5.840779233E0,-1.942074656E0,-9.777372360E0,-2.424527645E0
5.850491889E0,-7.929216027E-1,-9.705587387E0,-2.716751099E0
5.860205483E0,-2.781656384E-1,-9.461220741E0,-3.334398270E0
5.869919806E0,-8.024929166E-1,-9.123832703E0,-3.614358664E0
5.879633243E0,-1.544566989E0,-8.879466057E0,-3.198007345E0
5.889346004E0,-1.985145450E0,-8.903393745E0,-2.596810818E0
5.899059545E0,-1.568495274E0,-9.121439934E0,-1.802094579E0
5.908773868E0,-7.067800164E-1,-9.456435204E0,-1.191625714E0
5.918487410E0,1.265204996E-1,-9.107083321E0,-1.409372568E0
5.928200066E0,2.150549293E-1,-8.261817932E0,-1.993520379E0
5.937913660E0,-4.289134443E-1,-7.253841877E0,-2.731107950E0
5.947627931E0,-1.221236825E0,-6.303592205E0,-3.518645763E0
5.957341473E0,-1.970788598E0,-5.786443233E0,-3.437289715E0
5.967054129E0,-2.248355865E0,-5.606682777E0,-2.664108992E0
5.976767723E0,-2.241177559E0,-5.601896763E0,-2.309672117E0
5.986482045E0,-2.612364054E0,-5.219045162E0,-2.374278307E0
5.996195483E0,-3.711267948E0,-4.467100620E0,-2.845963478E0
6.005908243E0,-4.680959225E0,-4.261318207E0,-3.394218922E0
6.015621785E0,-4.779065132E0,-4.486243248E0,-3.626322746E0
6.025336108E0,-4.192524433E0,-5.216652393E0,-3.027817965E0
6.035049650E0,-3.155833960E0,-6.289235115E0,-1.411765337E0
6.044762306E0,-2.626721144E0,-7.462316513E0,-2.985046208E-1
6.054475900E0,-2.854039192E0,-8.443673134E0,-1.908276081E-1
6.064190170E0,-2.889931440E0,-8.429315567E0,-3.320041299E-1
6.073903712E0,-2.533401012E0,-8.790931702E0,-8.132606149E-1
6.083616368E0,-2.061715841E0,-9.523433685E0,-1.313659668E0
6.093329962E0,-1.515853167E0,-1.031605625E1,-1.234696507E0
6.103044285E0,-1.127916813E0,-1.119452190E1,-8.826524615E-1
6.112757723E0,-5.126622319E-1,-1.226231861E1,-3.200400174E-1
6.122470483E0,1.145563871E-1,-1.301665592E1,3.382852972E-1
6.132184025E0,4.785645306E-1,-1.328943825E1,8.650053740E-1
6.141898348E0,8.207381964E-1,-1.342582893E1,1.432403445E0
6.151611785E0,5.359922647E-1,-1.315304661E1,1.985444546E0
6.161324545E0,-2.853440940E-1,-1.232213974E1,1.705185294E0
6.171038087E0,-1.197308660E0,-1.134796143E1,8.458628058E-1
6.180752410E0,-1.769492388E0,-1.050987530E1,4.890331328E-1
6.190465952E0,-2.243570328E0,-9.791728973E0,4.339981973E-1
6.200178608E0,-2.720041037E0,-9.449256897E0,4.794618487E-1
6.209892202E0,-3.009871721E0,-9.284152031E0,6.110670567E-1
6.219606473E0,-3.019443035E0,-9.126225471E0,6.493522525E-1
6.229320014E0,-2.423331022E0,-9.104690552E0,6.373881102E-1
6.239032670E0,-1.795813441E0,-9.013463974E0,8.673982024E-1
6.248746264E0,-1.345962763E0,-8.860322952E0,9.750752449E-1
6.258460587E0,-8.288139701E-1,-8.841180801E0,7.716853023E-1
6.268174025E0,-6.131607890E-1,-8.920144081E0,6.469594240E-1
6.277886785E0,-5.724828243E-1,-9.054141998E0,6.924230456E-1
6.287600327E0,-7.450651526E-1,-9.317651749E0,6.756733060E-1
6.297314650E0,-1.101595759E0,-9.624231339E0,7.067800164E-1
6.307028191E0,-1.310070395E0,-9.916155815E0,8.985049129E-1
6.316740848E0,-1.451246977E0,-1.022512913E1,9.774680734E-1
6.326454441E0,-1.424925923E0,-1.041176987E1,7.788637877E-1
6.336168712E0,-1.515853167E0,-1.034716320E1,5.608177781E-1
6.345882254E0,-1.523031592E0,-1.037109184E1,4.818546474E-1
6.355594910E0,-1.405783296E0,-1.036391354E1,6.708876491E-1
6.365308504E0,-1.439282775E0,-1.019880867E1,6.589235067E-1
6.375022827E0,-1.396211982E0,-1.009561825E1,3.454637825E-1
6.384736264E0,-1.283749342E0,-9.937691689E0,-1.794616925E-3
6.394449025E0,-1.389033556E0,-9.782157898E0,-2.333002165E-2
6.404162566E0,-1.484746456E0,-9.564111710E0,2.018944174E-1
6.413876889E0,-1.580459356E0,-9.343972206E0,3.191427290E-1
6.423590431E0,-1.824826360E0,-9.049356461E0,4.366901144E-2
6.433303087E0,-2.267498493E0,-8.556434631E0,-4.208376706E-1
6.443016629E0,-2.593221426E0,-8.302495956E0,-1.033699393E0
6.452730952E0,-2.712862730E0,-8.462815285E0,-1.821237087E0
6.462444493E0,-2.475973129E0,-8.886644363E0,-1.809273005E0
6.472157150E0,-1.808076620E0,-9.944869995E0,-6.864410043E-1
6.481870743E0,-1.592423439E0,-1.130967617E1,4.603192508E-1
6.491585014E0,-1.072881818E0,-1.184566879E1,1.339083314E0
6.501298556E0,1.645065658E-2,-1.145803165E1,1.075573802E0
6.511011212E0,4.184448719E-1,-1.044048309E1,-8.554340899E-2
6.520724806E0,-2.614158690E-1,-9.272188187E0,-1.332802176E0
6.530439077E0,-1.525424480E0,-7.902595997E0,-2.359921217E0
6.540152618E0,-2.928216696E0,-6.554838657E0,-3.205185890E0
6.549865275E0,-3.833301783E0,-5.582754135E0,-3.444468260E0
6.559578868E0,-4.005585194E0,-5.455934525E0,-2.778964281E0
6.569293191E0,-3.359223843E0,-6.040082455E0,-2.268994093E0
6.579006629E0,-2.882753134E0,-6.827919483E0,-1.778166294E0
6.588719389E0,-2.545365095E0,-7.469494820E0,-6.314060688E-1
6.598432931E0,-2.353640079E0,-7.491030216E0,8.673982322E-2
6.608147254E0,-2.317747831E0,-7.153343201E0,-3.655036688E-1
6.617860691E0,-2.542972326E0,-6.674479485E0,-1.636989832E0
6.627573452E0,-3.117548704E0,-6.135795593E0,-2.647359133E0
6.637286993E0,-3.596412420E0,-5.587540150E0,-3.899403572E0
6.647001316E0,-3.543770313E0,-5.549254894E0,-5.041378021E0
6.656714858E0,-3.771088600E0,-5.827121258E0,-5.359623432E0
6.666427514E0,-4.161417484E0,-6.270092487E0,-4.883451939E0
6.676141108E0,-3.625126362E0,-7.112665176E0,-3.597608805E0
6.685855379E0,-2.614757061E0,-7.936394691E0,-2.481955290E0
6.695568920E0,-2.329711914E0,-8.359924316E0,-2.695215702E0
6.705281577E0,-2.954836845E0,-8.082356453E0,-4.476373196E0
6.714995170E0,-3.857230186E0,-7.548458099E0,-6.149853230E0
6.724709441E0,-3.646661758E0,-7.201199532E0,-6.293422699E0
6.734422983E0,-2.887538671E0,-7.572386265E0,-3.987937927E0
6.744135639E0,-1.882254124E0,-8.469993591E0,-1.926521301E0
6.753849233E0,-5.772684515E-2,-8.836395264E0,-2.228316069E0
6.763563556E0,1.981855392E0,-8.927322388E0,-4.093222141E0
6.773276993E0,2.963510752E0,-8.996713638E0,-5.979663849E0
6.782989702E0,3.181257725E0,-9.152546883E0,-8.012366295E0
6.792703295E0,2.345863581E0,-8.889037132E0,-8.271090508E0
6.802417618E0,4.833501875E-1,-8.566005707E0,-5.848058701E0
6.812131056E0,-1.259821177E0,-8.838788033E0,-4.390231133E0
6.821843816E0,-2.708076954E0,-8.604290962E0,-5.156233788E0
6.831557358E0,-4.486841679E0,-7.308876991E0,-6.755536556E0
6.841271681E0,-5.947360516E0,-5.951548100E0,-7.404290676E0
6.850985118E0,-6.414260387E0,-5.551647663E0,-8.440980911E0
6.860697879E0,-6.490830421E0,-5.094319344E0,-9.480064392E0
6.870411420E0,-5.880361557E0,-4.553242207E0,-8.285447121E0
6.880125743E0,-4.771886349E0,-4.206283092E0,-7.342077255E0
6.889839181E0,-3.641875982E0,-3.782454491E0,-8.009973526E0
6.899551941E0,-2.538186550E0,-3.047558784E0,-8.536693573E0
6.909265483E0,-1.542174220E0,-2.341377020E0,-8.472087860E0
6.918979806E0,-1.348355532E0,-2.053939104E0,-9.080163956E0
6.928693348E0,-1.341177106E0,-2.630908489E0,-1.119900799E1
6.938406004E0,-1.628315806E0,-3.179163933E0,-1.196022511E1
6.948119545E0,-1.250249863E0,-3.985844374E0,-9.697811127E0
6.957833868E0,-7.833502889E-1,-5.183153152E0,-7.914260864E0
6.967547410E0,-6.753742099E-1,-5.539683342E0,-8.601300240E0
6.977260066E0,-6.586244106E-1,-5.027320385E0,-9.855737686E0
6.986973608E0,-5.868397355E-1,-4.483850479E0,-9.377172470E0
6.996687931E0,-1.187737346E0,-4.325924397E0,-8.893523216E0
7.006401473E0,-2.367997169E0,-4.170390606E0,-1.020060253E1
7.016114129E0,-3.431008577E0,-4.634897232E0,-1.054068279E1
7.025827723E0,-2.207678080E0,-2.317149639E0,-1.006181908E1
7.035541993E0,-2.444866419E0,-1.546361685E0,-1.099292660E1
7.045255535E0,-2.715255499E0,-2.740978241E0,-1.042792130E1
7.054968191E0,-2.497508526E0,-2.137687922E0,-9.882058144E0
7.064681785E0,-1.992323995E0,-1.807478428E0,-1.017188931E1
7.074396056E0,-2.200499535E0,-1.965404749E0,-1.026760197E1
7.084109598E0,-2.229213476E0,-2.480160713E0,-1.067707348E1
7.093822254E0,-2.140678883E0,-3.030808926E0,-1.051196861E1
7.103535848E0,-2.413759947E0,-3.195913792E0,-1.016231823E1
7.113250118E0,-2.511865616E0,-3.277269602E0,-1.042552853E1
7.122963660E0,-2.770290375E0,-2.061117649E0,-1.058375359E1
7.132676316E0,-2.810968399E0,-1.144068360E0,-1.105783176E1
7.142389910E0,-3.064906597E0,-5.647061467E-1,-1.052632618E1
7.152104181E0,-3.198904753E0,-4.211367965E-1,-1.063639545E1
7.161817723E0,-3.146262646E0,-1.050748229E0,-1.140957642E1
7.171530379E0,-3.057728291E0,-2.049153566E0,-1.044227791E1
7.181243973E0,-2.693720102E0,-2.458625317E0,-1.035374355E1
7.190958243E0,-2.880360365E0,-1.948654890E0,-1.084457111E1
7.200671785E0,-3.325724363E0,-1.000499010E0,-1.130189991E1
7.210384441E0,-3.634697676E0,-2.201396823E-1,-1.134018517E1
7.220098035E0,-3.407080412E0,8.644071966E-2,-1.108415222E1
7.229812306E0,-2.832503796E0,-8.374879509E-2,-1.143111229E1
7.239525848E0,-2.367997169E0,-6.678966284E-1,-1.124207878E1
7.249238504E0,-2.542972326E0,-1.237687469E0,-1.221416283E1
7.258952098E0,-2.933301449E0,-1.747358680E0,-1.217348480E1
7.268666368E0,-3.230011463E0,-1.936690807E0,-1.171137142E1
7.278379910E0,-3.163012505E0,-1.733001828E0,-1.151964664E1
7.288092566E0,-2.978765011E0,-1.199103236E0,-1.158903790E1
7.297806160E0,-2.887538671E0,-8.425726891E-1,-1.192193985E1
7.307520431E0,-3.007478952E0,-9.047860503E-1,-1.170897865E1
7.317233973E0,-3.062513828E0,-1.326221943E0,-1.156989574E1
7.326946629E0,-2.913859844E0,-1.637288928E0,-1.139521980E1
7.336660223E0,-2.672184706E0,-1.807478428E0,-1.130668545E1
7.346374493E0,-2.511865616E0,-1.974975944E0,-1.067228794E1
7.356088035E0,-2.875574589E0,-1.840977907E0,-1.052154064E1
7.365800691E0,-2.997907639E0,-1.596610904E0,-1.079432201E1
7.375514285E0,-3.036192894E0,-1.520040631E0,-1.088285637E1
7.385228556E0,-3.194119215E0,-1.498505235E0,-1.076082230E1
7.394942098E0,-3.206083298E0,-1.776371717E0,-1.053111172E1
7.404654754E0,-2.983550787E0,-2.312364101E0,-9.855737686E0
7.414368348E0,-2.231606245E0,-2.511267424E0,-1.067228794E1
7.424082618E0,-2.602792740E0,-2.657229662E0,-9.661918640E0
7.433796160E0,-2.813361168E0,-2.997309446E0,-7.993224144E0
7.443508816E0,-2.389831543E0,-2.975774050E0,-8.783154488E0
7.453222410E0,-1.944467545E0,-2.662015200E0,-1.021017456E1
7.462936681E0,-2.040180445E0,-2.700300455E0,-1.005703354E1
7.472650223E0,-3.002693415E0,-2.657229662E0,-9.259625435E0
7.482362879E0,-3.981656790E0,-2.738585472E0,-9.345767021E0
7.492076420E0,-4.491627216E0,-3.014059305E0,-9.501599312E0
7.501790743E0,-4.635495663E0,-3.195913792E0,-9.389137268E0
7.511504285E0,-4.781457901E0,-3.500101328E0,-8.984451294E0
7.521216941E0,-4.527519703E0,-4.017250061E0,-9.340981483E0
7.530930483E0,-3.462115288E0,-5.051248550E0,-9.781559944E0
7.540644806E0,-2.938086987E0,-5.882156372E0,-8.421838760E0
7.550358348E0,-2.858824968E0,-6.040082455E0,-8.701798439E0
7.560071004E0,-2.653042078E0,-6.150152206E0,-8.903095245E0
7.569784545E0,-2.787040234E0,-6.123831272E0,-8.287839890E0
7.579498868E0,-3.062513828E0,-6.181259155E0,-7.645965576E0
7.589212410E0,-2.741576433E0,-6.564409733E0,-7.315756321E0
7.598925066E0,-2.092822552E0,-6.918846607E0,-6.757929325E0
7.608638608E0,-1.310070395E0,-7.292127132E0,-6.611967087E0
7.618352931E0,-1.125523925E0,-7.469494820E0,-7.124330521E0
7.628066368E0,-1.403390527E0,-7.541279793E0,-7.066603661E0
7.637779129E0,-1.724028707E0,-7.613064289E0,-6.448956013E0
7.647492670E0,-2.444866419E0,-7.249056339E0,-6.360421658E0
7.657206993E0,-3.469293833E0,-6.851847649E0,-7.275078297E0
7.666920431E0,-3.974478483E0,-6.432804585E0,-7.104888439E0
7.676633191E0,-3.395116329E0,-5.918048382E0,-6.777071953E0
7.686346733E0,-2.511865616E0,-5.817550182E0,-6.393921375E0
7.696061056E0,-2.090429783E0,-6.286842346E0,-5.577669621E0
7.705774493E0,-2.107179403E0,-7.088737011E0,-4.732405186E0
7.715487202E0,-2.418545485E0,-7.536494255E0,-4.715655327E0
7.725200795E0,-2.612364054E0,-7.809275627E0,-4.643870354E0
7.734915066E0,-2.571686029E0,-7.672884941E0,-4.813760757E0
7.744628608E0,-2.782254457E0,-7.280162811E0,-5.113162994E0
7.754341264E0,-2.538186550E0,-6.823133945E0,-4.579264164E0
7.764054858E0,-1.661815286E0,-6.420840263E0,-4.090829372E0
7.773769129E0,-8.503493667E-1,-6.013761520E0,-4.229613304E0
7.783482670E0,-5.581258535E-1,-6.416054726E0,-4.466801643E0
7.793195327E0,-9.005986452E-1,-7.249056339E0,-3.640679598E0
7.802908868E0,-9.149555564E-1,-8.175676346E0,-2.197209358E0
7.812623191E0,-2.279163599E-1,-8.786145210E0,-1.952842355E0
7.822336733E0,3.442673683E-1,-8.922536850E0,-2.324028969E0
7.832049389E0,-9.361918271E-2,-8.640183449E0,-2.515454769E0
7.841762931E0,-1.178166032E0,-7.852346420E0,-2.716751099E0
7.851477254E0,-2.202892303E0,-7.689634800E0,-2.635395050E0
7.861190691E0,-2.435295343E0,-7.804490089E0,-3.152244806E0
7.870903452E0,-2.466402054E0,-8.659325600E0,-3.650250912E0
7.880616993E0,-1.776670814E0,-9.662516594E0,-2.539382935E0
7.890331316E0,-7.929216027E-1,-1.003101158E1,-1.845165372E0
7.900044754E0,-4.025924206E-1,-9.885049820E0,-2.230708838E0
7.909757462E0,-1.031904742E-1,-9.351150513E0,-2.948854923E0
7.919471056E0,-6.035895348E-1,-8.426922798E0,-3.839582920E0
7.929185327E0,-1.523031592E0,-7.265805721E0,-4.464408875E0
7.938898868E0,-2.542972326E0,-6.430411816E0,-3.928117514E0
7.948611525E0,-3.182155132E0,-5.767300606E0,-2.836392164E0
7.958325118E0,-3.890729666E0,-5.386542797E0,-2.350350142E0
7.968039389E0,-4.915455818E0,-5.228616714E0,-2.233101845E0
7.977752931E0,-5.497210979E0,-5.096712112E0,-1.629811287E0
7.987465587E0,-5.478068352E0,-5.415256977E0,-7.725825906E-1
7.997179129E0,-5.379962444E0,-6.188437462E0,-3.768695518E-2
8.006893452E0,-4.649852753E0,-6.734300137E0,2.856431901E-1
8.016606889E0,-2.938086987E0,-7.258627415E0,8.410771489E-1
8.026319650E0,-1.286142230E0,-8.417351723E0,1.298106313E0
8.036033191E0,1.241276711E-1,-9.705587387E0,1.118644595E0
8.045747514E0,1.211067319E0,-1.087627602E1,3.813561201E-1
8.055460952E0,1.941177368E0,-1.195364475E1,-3.487538993E-1
8.065173660E0,2.410469770E0,-1.289193058E1,-1.214357466E-1
8.074887254E0,2.858226538E0,-1.341625786E1,1.049252748E0
8.084601525E0,2.824727058E0,-1.338993645E1,2.325225353E0
8.094315066E0,2.238186598E0,-1.292303658E1,3.218346357E0
8.104027723E0,1.251745343E0,-1.203021526E1,3.160918713E0
8.113741264E0,-5.341976285E-1,-1.082363415E1,2.493022203E0
8.123455587E0,-2.624328136E0,-9.861121178E0,1.516152263E0
8.133169025E0,-4.156631947E0,-9.389435768E0,6.230311990E-1
8.142881785E0,-5.073382378E0,-9.312865257E0,-2.195414752E-1
8.152595327E0,-5.339284420E0,-9.542576790E0,-1.105484009E0
8.162309650E0,-4.929812908E0,-9.815657616E0,-1.397408366E0
8.172023087E0,-3.984049797E0,-1.003340435E1,-1.177268744E0
8.181735795E0,-2.849253654E0,-1.008126068E1,-8.802596331E-1
8.191449389E0,-1.846361756E0,-9.906584740E0,-5.572285652E-1
8.201163660E0,-9.101698995E-1,-9.700801849E0,1.178465188E-1
8.210877202E0,-4.145565331E-1,-9.561718941E0,7.788637877E-1
8.220589858E0,-7.713862062E-1,-9.384650230E0,1.027717352E0
8.230303452E0,-1.226022482E0,-9.372686386E0,1.278963685E0
8.240017723E0,-1.467996716E0,-9.461220741E0,1.602293849E0
8.249731264E0,-1.628315806E0,-9.566504478E0,1.760220170E0
8.259443920E0,-1.458425403E0,-9.696016312E0,1.738684773E0
8.269157462E0,-1.013061285E0,-9.880263329E0,1.736291885E0
8.278871785E0,-5.246263742E-1,-1.011954594E1,1.935195327E0
8.288585223E0,-1.800599098E-1,-1.028255749E1,2.124228239E0
8.298297983E0,-1.031904742E-1,-1.032562828E1,2.279761791E0
8.308011525E0,-4.001995921E-1,-1.023948669E1,1.913659930E0
8.317725795E0,-9.963115454E-1,-9.719944954E0,1.604686737E0
8.327439337E0,-1.628315806E0,-9.367900848E0,1.386939883E0
8.337151993E0,-2.135893345E0,-9.224330902E0,1.137787223E0
8.346865587E0,-2.334497690E0,-9.226723671E0,1.125823021E0
8.356579858E0,-2.255534410E0,-9.403793335E0,1.094716311E0
8.366293400E0,-1.920539260E0,-9.585647583E0,1.039681435E0
8.376006056E0,-1.472782373E0,-9.662516594E0,7.283154130E-1
8.385719598E0,-1.087238789E0,-9.724730492E0,3.358924687E-1
8.395433920E0,-7.977072597E-1,-9.774979591E0,-1.118644550E-1
8.405147358E0,-7.881359458E-1,-9.822835922E0,-4.591228366E-1
8.414860118E0,-1.209272742E0,-9.760622978E0,-7.271189690E-1
8.424573660E0,-2.138286114E0,-9.442078590E0,-9.257232547E-1
8.434287983E0,-2.492722988E0,-9.097511292E0,-1.620239973E0
8.444001420E0,-2.320140600E0,-9.355937004E0,-2.582453728E0
8.453714129E0,-2.360818624E0,-9.875477791E0,-1.091127157E0
8.463427723E0,-1.836790442E0,-9.990333557E0,4.651049078E-1
8.473141993E0,-8.024929166E-1,-1.008843899E1,-4.471587241E-1
8.482855431E0,-2.111666054E-1,-9.734301567E0,-1.914557219E0
8.492568191E0,-3.332005441E-1,-9.087940216E0,-2.668894529E0
8.502281733E0,-9.652048349E-1,-8.309675217E0,-3.092424154E0
8.511996056E0,-1.997109652E0,-7.431210041E0,-3.583251953E0
8.521709493E0,-3.253939629E0,-6.530910492E0,-3.710071564E0
8.531422202E0,-4.486841679E0,-6.150152206E0,-3.501895905E0
8.541135795E0,-5.006382942E0,-6.612266064E0,-3.250649452E0
8.550850066E0,-4.572983265E0,-7.675277710E0,-1.596311808E0
8.560563608E0,-3.060121059E0,-8.661719322E0,3.406781256E-1
8.570276264E0,-9.699904919E-1,-9.583254814E0,1.109073281E0
8.579989806E0,4.088735580E-1,-9.537791252E0,1.197607756E0
8.589704129E0,5.234299600E-2,-8.530113220E0,2.976073027E-1
8.599417566E0,-1.094417214E0,-7.610671520E0,-1.730309844E0
8.609130327E0,-2.150250196E0,-6.959524632E0,-4.100400925E0
8.618843868E0,-2.751147747E0,-6.456732750E0,-5.668596745E0
8.628558139E0,-3.239582777E0,-6.294020653E0,-5.948556900E0
8.638271681E0,-3.474079370E0,-6.516553402E0,-4.181756496E0
8.647984337E0,-3.349652529E0,-6.935596466E0,-2.410170555E0
8.657697931E0,-2.231606245E0,-7.363911629E0,-1.768594980E0
8.667412202E0,-6.948158741E-1,-7.565207958E0,-1.933699846E0
8.677125639E0,4.160520434E-1,-7.739883900E0,-2.479562521E0
8.686838400E0,1.294816136E0,-8.290532112E0,-3.123530865E0
8.696551941E0,1.752144337E0,-8.601898193E0,-4.354339123E0
8.706266090E0,9.690931439E-1,-8.563612938E0,-5.857629776E0
8.715979528E0,-5.246263742E-1,-8.539685249E0,-4.916951656E0
8.725692236E0,-1.728814363E0,-8.659325600E0,-2.517847538E0
8.735405830E0,-3.503092289E0,-8.458029747E0,-1.215553880E0
8.745120101E0,-5.092525005E0,-7.366304398E0,-1.845165372E0
8.754833642E0,-5.054239750E0,-6.138188362E0,-4.878666401E0
8.764546299E0,-3.699303865E0,-5.963512421E0,-8.290233612E0
8.774259840E0,-1.743171334E0,-6.401698112E0,-1.002592659E1
8.783974163E0,-8.404789865E-2,-7.186842918E0,-9.221340179E0
8.793687601E0,4.136592150E-1,-7.924131393E0,-6.381957054E0
8.803400309E0,-1.728814393E-1,-8.261817932E0,-3.978366852E0
8.813113903E0,-9.556335211E-1,-7.931309700E0,-3.454039574E0
8.822828174E0,-1.661815286E0,-7.256234646E0,-5.199304581E0
8.832541715E0,-1.678565025E0,-6.751049995E0,-8.115258217E0
8.842254371E0,-1.456032634E0,-6.495018005E0,-8.907880783E0
8.851967913E0,-1.448854089E0,-6.521338940E0,-7.813762188E0
8.861682236E0,-1.946860313E0,-6.233901024E0,-7.416254520E0
8.871395674E0,-3.043371201E0,-5.123033047E0,-8.967700958E0
8.881108434E0,-4.520340919E0,-4.215854168E0,-8.527122498E0
8.890821976E0,-5.487639427E0,-3.978665829E0,-7.789834023E0
8.900536246E0,-5.281857014E0,-4.108177185E0,-7.878368378E0
8.910249788E0,-4.613960266E0,-4.304389000E0,-8.338089943E0
8.919962444E0,-4.022335052E0,-4.323531628E0,-9.367601395E0
8.929675986E0,-3.426223040E0,-3.933202267E0,-9.372386932E0
8.939390309E0,-2.176571369E0,-3.658027649E0,-9.393922806E0
8.949103746E0,-1.235593796E0,-2.803191662E0,-9.580562592E0
8.958816455E0,-7.115656137E-1,-2.401197433E0,-9.307481766E0
8.968530049E0,-3.762713671E-1,-3.215056419E0,-9.939785004E0
8.978244319E0,1.169492081E-1,-3.504886866E0,-9.704989433E0
8.987957861E0,-2.997010350E-1,-4.318745613E0,-8.742476463E0
8.997670517E0,-3.906283081E-1,-4.917250633E0,-8.661120415E0
9.007384059E0,-1.127916813E0,-5.051248550E0,-8.960522652E0
9.017098382E0,-1.613958836E0,-3.722633839E0,-9.659525871E0
9.026811819E0,-2.324926376E0,-1.553540111E0,-1.058853912E1
9.036524528E0,-2.562114954E0,-1.283151150E0,-1.219262791E1
9.046238121E0,-2.064108610E0,-9.358927608E-1,-1.061007500E1
9.055952392E0,-1.805384636E0,-3.038884699E-1,-1.094507027E1
9.065665934E0,-2.385046005E0,-4.037888348E-2,-1.092114162E1
9.075378590E0,-5.049454212E0,-2.575873613E0,-1.021974564E1
9.085092132E0,-3.661018610E0,-2.951845884E0,-1.058136082E1
9.094806455E0,-1.367498159E0,-3.222234726E0,-1.156511021E1
9.104519892E0,2.030908167E-1,-3.612564087E0,-1.120379353E1
9.114232601E0,6.580262184E-1,-3.140878916E0,-1.184536934E1
9.123946194E0,-2.853440940E-1,-2.470589399E0,-1.143829060E1
9.133660465E0,-1.436890006E0,-1.874477386E0,-1.192433262E1
9.143374007E0,-2.408974171E0,-1.680359721E0,-1.143350506E1
9.153086663E0,-3.519842148E0,-1.915155411E0,-1.119182968E1
9.162800257E0,-5.473282814E0,-1.795514345E0,-1.015513897E1
9.172514528E0,-6.122036934E0,-1.331007600E0,-1.138325596E1
9.182227965E0,-5.487639427E0,-8.162516356E-1,-1.246301651E1
9.191940726E0,-4.216452599E0,-2.823530734E-1,-1.145982552E1
9.201654267E0,-3.490829229E0,-9.571290761E-2,-1.113200951E1
9.211368590E0,-3.287439108E0,-3.302095234E-1,-1.075603676E1
9.221082028E0,-2.990729094E0,-6.774678826E-1,-1.109850979E1
9.230794736E0,-3.553341627E0,-7.827520967E-1,-1.158664513E1
9.240508278E0,-4.182952881E0,-7.396813035E-1,-1.190279675E1
9.250222601E0,-3.984049797E0,-8.377870321E-1,-1.159890842E1
9.259936038E0,-3.854837179E0,-7.396813035E-1,-1.172572803E1
9.269648799E0,-3.634697676E0,-5.958128572E-1,-1.178554916E1
9.279362340E0,-2.947658300E0,-6.388836503E-1,-1.169222832E1
9.289076663E0,-2.312962294E0,-7.660023570E-1,-1.087089252E1
9.298790101E0,-2.040180445E0,-8.617152572E-1,-1.072014427E1
9.308502809E0,-2.312962294E0,-9.741778970E-1,-1.100249767E1
9.318216351E0,-2.509472847E0,-1.012463093E0,-1.143829060E1
9.327930674E0,-2.310569286E0,-1.057926655E0,-1.177119160E1
9.337644111E0,-2.356033087E0,-1.108175993E0,-1.110808086E1
9.347356871E0,-3.103191853E0,-1.081854939E0,-1.045184898E1
9.357070413E0,-3.840480328E0,-9.526425004E-1,-1.108654594E1
9.366784684E0,-3.601198196E0,-1.218544960E0,-1.059811020E1
9.376498226E0,-2.720041037E0,-1.747358680E0,-9.942177773E0
9.386210882E0,-2.210070848E0,-1.857727647E0,-1.089003468E1
9.395924424E0,-1.846361756E0,-2.065903187E0,-1.019342422E1
9.405638746E0,-1.899003863E0,-1.984547257E0,-1.031785107E1
9.415352184E0,-1.762313843E0,-1.874477386E0,-1.037049294E1
9.425064892E0,-2.088036776E0,-1.666002750E0,-9.288339615E0
9.434778486E0,-2.660220623E0,-1.881655931E0,-1.028195858E1
9.444492757E0,-2.844467878E0,-2.355733871E0,-1.033460140E1
9.454206299E0,-2.418545485E0,-2.781656265E0,-9.647562027E0
9.463918955E0,-1.652244091E0,-3.157628536E0,-1.015513897E1
9.473632496E0,-8.240283132E-1,-3.497708559E0,-1.038485050E1
9.483346819E0,-4.073780477E-1,-3.303590775E0,-1.086132145E1
9.493060257E0,-3.212364316E-1,-3.317947626E0,-1.119422245E1
9.502772965E0,-2.327020019E-1,-3.758526087E0,-1.091396332E1
9.512486559E0,-1.585244983E-1,-4.215854168E0,-1.020299530E1
9.522200830E0,-6.514459848E-1,-4.838287354E0,-9.389137268E0
9.531914371E0,-1.424925923E0,-5.190331459E0,-8.735298157E0
9.541627028E0,-1.245165110E0,-5.788836002E0,-7.349255562E0
9.551340569E0,-8.359923959E-1,-6.475875378E0,-7.397111893E0
9.561054840E0,-7.785646915E-1,-6.760621071E0,-8.275876045E0
9.570768382E0,-1.170987606E0,-6.786942482E0,-9.266803741E0
9.580481038E0,-2.088036776E0,-6.566802502E0,-9.185447693E0
9.590194632E0,-3.969692707E0,-5.963512421E0,-8.029116631E0
9.599908903E0,-5.399105072E0,-5.372185707E0,-7.435397148E0
9.609622340E0,-5.806184292E0,-5.192724228E0,-7.073781967E0
9.619335049E0,-5.506782055E0,-5.202295303E0,-6.710072994E0
9.629048642E0,-5.001597404E0,-5.254937649E0,-6.578467846E0
9.638762913E0,-4.065704823E0,-5.659324646E0,-6.034997940E0
9.648476455E0,-2.758326292E0,-6.420840263E0,-5.369194984E0
9.658189111E0,-1.427318692E0,-6.899703979E0,-5.623133183E0
9.667902653E0,-7.283154130E-1,-6.918846607E0,-6.482455730E0
9.677616976E0,-6.466603279E-1,-6.609873295E0,-6.494419575E0
9.687330413E0,-1.060917735E0,-6.358626842E0,-6.271887302E0
9.697043121E0,-1.637887120E0,-5.973083496E0,-5.881557941E0
9.706756715E0,-2.021037817E0,-6.221937180E0,-5.055735111E0
9.716470986E0,-1.783849239E0,-6.526124477E0,-4.948058128E0
9.726184528E0,-1.436890006E0,-6.794120789E0,-4.808975220E0
9.735897184E0,-1.482353687E0,-7.409674644E0,-4.124329090E0
9.745610726E0,-1.278963685E0,-7.936394691E0,-3.061317444E0
9.755325049E0,-2.997010350E-1,-8.247461319E0,-2.711965322E0
9.765038486E0,6.843472719E-1,-8.573184013E0,-3.600001574E0
9.774751194E0,9.930213690E-1,-8.759824753E0,-4.062115669E0
9.784464736E0,1.405783277E-2,-8.673683167E0,-4.081258297E0
9.794179059E0,-1.022632599E0,-8.786145210E0,-3.657429457E0
9.803892496E0,-1.580459356E0,-8.664112091E0,-2.688037157E0
9.813605205E0,-1.281356573E0,-8.599505424E0,-2.316850424E0
9.823318799E0,-3.020938635E-1,-8.393424034E0,-2.486740828E0
9.833033069E0,4.666004181E-1,-8.053643227E0,-3.037389278E0
9.842746611E0,2.700898647E-1,-7.701598644E0,-3.181257725E0
9.852459267E0,-7.498508096E-1,-7.220342159E0,-2.656930447E0
9.862172809E0,-2.092822552E0,-7.275377274E0,-2.252244234E0
9.871887132E0,-2.971586704E0,-7.837989807E0,-1.301695466E0
9.881600569E0,-3.191726208E0,-8.441280365E0,-1.069591761E0
9.891313278E0,-1.977967024E0,-8.783752441E0,-1.725524187E0
9.901026819E0,-8.165507019E-2,-8.836395264E0,-2.357528448E0
9.910741142E0,1.038784146E0,-8.692825317E0,-2.621038198E0
9.920454580E0,1.089033365E0,-8.218747139E0,-3.011068106E0
9.930167340E0,2.700898647E-1,-7.670492172E0,-3.166601658E0
9.939880882E0,-9.771689177E-1,-7.457530975E0,-2.664108992E0
9.949595153E0,-2.370688915E0,-7.220342159E0,-2.383849621E0
9.959308694E0,-3.560520172E0,-7.438388348E0,-1.603490233E0
9.969021351E0,-3.780659676E0,-7.897810459E0,-8.252246976E-1
9.978734892E0,-3.447758436E0,-8.486743927E0,-1.119840980E0
9.988449215E0,-2.751147747E0,-8.917751312E0,-1.339980721E0
9.998162653E0,-1.956431627E0,-8.917751312E0,-1.177268744E0
1.000787536E1,-1.264606714E0,-8.723932266E0,-1.141376376E0
1.001758890E1,-8.766704202E-1,-8.599505424E0,-1.083948612E0
1.002730323E1,-7.570292354E-1,-8.697610855E0,-9.738788009E-1
1.003701666E1,-7.163512707E-1,-8.855537415E0,-9.427721500E-1
1.004672937E1,-6.705885530E-1,-9.080761909E0,-5.787639618E-1
1.005644296E1,-6.131607890E-1,-9.353543282E0,2.832503915E-1
1.006615724E1,-6.490531564E-1,-9.655338287E0,1.075573802E0
1.007587078E1,-5.844469070E-1,-1.013390255E1,1.039681435E0
1.008558343E1,-1.223330572E-1,-1.034477043E1,9.032905698E-1
1.009529698E1,4.232304990E-1,-1.080688477E1,6.996015310E-1
1.010501130E1,6.771687865E-1,-1.117298603E1,8.697910309E-1
1.011472474E1,5.312066078E-1,-1.130728340E1,1.274178028E0
1.012443744E1,-1.441675574E-1,-1.118734360E1,1.360618830E0
1.013415104E1,-1.022632599E0,-1.105573750E1,1.111466169E0
1.014386531E1,-1.508674622E0,-1.108445168E1,9.080761671E-1
1.015357875E1,-1.752742529E0,-1.101745319E1,8.745766878E-1
1.016329151E1,-1.954038739E0,-1.093370438E1,1.180858016E0
1.017300505E1,-2.068894386E0,-1.075902748E1,1.173679471E0
1.018271932E1,-1.745564103E0,-1.034477043E1,7.043871880E-1
1.019243286E1,-1.044167995E0,-1.001426220E1,1.633101404E-1
1.020214552E1,-3.308077157E-1,-9.827621460E0,-3.463610709E-1
1.021185906E1,-6.490531564E-2,-9.609575272E0,-5.333003402E-1
1.022157338E1,-2.446661144E-1,-9.427721024E0,-2.075773627E-1
1.023128682E1,-7.115656137E-1,-9.188439369E0,2.856431901E-1
1.024099953E1,-1.343569875E0,-9.123832703E0,4.746761918E-1
1.025071307E1,-1.759921074E0,-9.095118523E0,8.961120844E-1
1.026042739E1,-1.918146491E0,-9.183652878E0,1.298106313E0
1.027014083E1,-1.683350682E0,-9.353543282E0,1.315155149E0
1.027985354E1,-1.369890928E0,-9.461220741E0,1.030110121E0
1.028956713E1,-9.125627279E-1,-9.568898201E0,8.482556343E-1
1.029928140E1,-8.192426562E-1,-9.887442589E0,8.291130662E-1
1.030899494E1,-6.011967063E-1,-1.002144051E1,9.559326172E-1
1.031870760E1,-3.834498227E-1,-1.018445110E1,9.296116233E-1
1.032842114E1,-3.164508045E-1,-1.019162941E1,1.149751306E0
1.033813546E1,-2.063809484E-1,-1.028495026E1,1.528116345E0
1.034784890E1,-8.644071966E-2,-1.031844902E1,1.635793328E0
1.035756161E1,-1.369891018E-1,-1.030169964E1,1.305284739E0
1.036727515E1,-4.743770957E-1,-1.049791145E1,9.822536707E-1
1.037698948E1,-8.001000881E-1,-1.067737293E1,1.130608678E0
1.038670291E1,-9.340981245E-1,-1.065822983E1,1.351047516E0
1.039641562E1,-8.479565382E-1,-1.044766140E1,1.180858016E0
1.040612922E1,-8.958129883E-1,-1.012911701E1,6.326025128E-1
1.041584349E1,-1.125523925E0,-9.609575272E0,-2.817548811E-1
1.042555692E1,-1.472782373E0,-8.924929619E0,-1.081555843E0
1.043526968E1,-2.028216362E0,-8.235497475E0,-1.876272082E0
1.044498323E1,-2.540579557E0,-7.794919014E0,-2.613560438E0
1.045469750E1,-2.827718258E0,-7.672884941E0,-2.678465843E0
1.046441104E1,-2.533401012E0,-7.751848221E0,-2.611167669E0
1.047412369E1,-1.702493310E0,-8.017750740E0,-2.517847538E0
1.048383724E1,-1.005882859E0,-8.479565620E0,-2.252244234E0
1.049355156E1,-7.211369276E-1,-8.343173981E0,-2.369492531E0
1.050326500E1,-9.197412133E-1,-8.462815285E0,-3.475574970E0
1.051297770E1,-1.319641709E0,-8.352746010E0,-3.786941051E0
1.052269130E1,-2.061715841E0,-7.493422985E0,-3.975973845E0
1.053240557E1,-2.641077995E0,-6.825526714E0,-3.530609846E0
1.054211901E1,-3.103191853E0,-6.135795593E0,-3.171387196E0
1.055183177E1,-3.416651726E0,-5.439185143E0,-1.902593136E0
1.056154531E1,-3.407080412E0,-4.943571568E0,1.202393398E-1
1.057125958E1,-3.768695593E0,-4.603790760E0,2.976073027E-1
1.058097312E1,-4.383950233E0,-4.587040901E0,-1.251446247E0
1.059068578E1,-4.075275898E0,-5.558825970E0,-3.142673492E0
1.060039932E1,-3.249154091E0,-7.546065331E0,-3.516252756E0
1.061011364E1,-6.849454641E-1,-9.506684303E0,-3.372683525E0
1.061982708E1,2.341077805E0,-1.063430214E1,-2.144567251E0
1.062953979E1,3.894917011E0,-1.111795139E1,-1.718345761E0
1.063925333E1,3.279662609E0,-1.065583706E1,-2.584846735E0
1.064896765E1,1.043569803E0,-9.403793335E0,-3.942474365E0
1.065868109E1,-1.465603828E0,-8.216354370E0,-5.084448814E0
1.066839380E1,-3.464508057E0,-7.479066372E0,-6.216852188E0
1.067810739E1,-3.586841106E0,-7.412067413E0,-5.987141132E0
1.068782166E1,-3.251546860E0,-8.120641708E0,-5.366802216E0
1.069753510E1,-2.279462576E0,-8.704790115E0,-6.302993774E0
1.070724786E1,-1.036989570E0,-8.929715157E0,-6.501598358E0
1.071696140E1,-3.116651475E-1,-9.049356461E0,-5.759523869E0
1.072667567E1,2.078764737E-1,-9.097511292E0,-4.397409916E0
1.073638922E1,1.405783277E-2,-8.991928101E0,-3.667000771E0
1.074610187E1,-8.886345029E-1,-8.180462837E0,-4.153042793E0
1.075581541E1,-2.385046005E0,-7.033702374E0,-5.864808083E0
1.076552974E1,-3.632304668E0,-6.073582172E0,-7.236793041E0
1.077524317E1,-4.012763500E0,-5.707480431E0,-8.218149185E0
1.078495588E1,-3.601198196E0,-5.817550182E0,-8.362017632E0
1.079466942E1,-2.930908680E0,-6.075974941E0,-8.326125145E0
1.080438375E1,-2.229213476E0,-5.745765209E0,-7.751548767E0
1.081409718E1,-1.704886079E0,-5.695516109E0,-8.084151268E0
1.082380989E1,-1.391426325E0,-5.487041473E0,-9.068199158E0
1.083352349E1,-1.161416292E0,-5.379364491E0,-8.522336960E0
1.084323776E1,-8.551349640E-1,-5.884549141E0,-8.421838760E0
1.085295119E1,-2.590230405E-1,-5.946762562E0,-7.947760582E0
1.086266396E1,-2.422732860E-2,-6.109474182E0,-7.198507786E0
1.087237750E1,8.111668825E-1,-6.530910492E0,-7.172186852E0
1.088209177E1,1.658824325E0,-6.710371971E0,-7.547860146E0
1.089180531E1,1.567897081E0,-6.207580090E0,-8.692227364E0
1.090151796E1,7.848458290E-1,-5.159224510E0,-9.319445610E0
1.091123151E1,-8.407780528E-1,-4.151247978E0,-8.996415138E0
1.092094583E1,-2.688934565E0,-3.124129057E0,-8.132007599E0
1.093065927E1,-4.395914078E0,-1.855334878E0,-7.995616913E0
1.094037198E1,-5.592923641E0,-8.234301209E-1,-8.632407188E0
1.095008552E1,-5.274678230E0,-9.406784177E-1,-1.031306553E1
1.095979984E1,-4.362414837E0,-1.529611826E0,-1.174487114E1
1.096951328E1,-3.560520172E0,-1.922333837E0,-1.100010490E1
1.097922599E1,-2.763111830E0,-2.070688963E0,-1.040159988E1
1.098893958E1,-1.724028707E0,-2.037189484E0,-1.022692394E1
1.099865385E1,-1.056132078E0,-2.719442844E0,-9.089735031E0
1.100836729E1,-2.231307179E-1,-2.843869686E0,-9.216554642E0
1.101808005E1,-1.920240223E-1,-2.942274570E0,-9.910772324E0
1.102779359E1,-1.590030670E0,-3.808775425E0,-1.034177971E1
1.103750786E1,-1.740778446E0,-1.977368832E0,-9.211769104E0
1.104722140E1,-3.768695593E0,-3.136093140E0,-1.019820976E1
1.105693406E1,-3.859622955E0,-1.698904037E-1,-8.840881348E0
1.106664760E1,-5.140381336E0,-1.144068360E0,-1.007617569E1
1.107636187E1,-4.695316315E0,4.576273263E-2,-1.021974564E1
1.108607541E1,-4.218845367E0,-7.420741320E-1,-1.115832996E1
1.109578807E1,-3.515056372E0,-9.861420393E-1,-1.026281643E1
1.110550161E1,-2.820539713E0,-9.550353289E-1,-1.092114162E1
1.111521593E1,-2.406581402E0,-6.511468887E-1,-1.115354443E1
1.112492937E1,-2.660220623E0,-6.655037999E-1,-1.020060253E1
1.113464208E1,-3.096013308E0,-6.317051649E-1,-1.088285637E1
1.114435562E1,-3.637090445E0,-6.511468887E-1,-1.082542896E1
1.115406994E1,-3.845266104E0,-8.138588071E-1,-1.094507027E1
1.116378338E1,-3.608376503E0,-9.071788788E-1,-1.154596710E1
1.117349614E1,-3.306581736E0,-1.230509043E0,-1.097617626E1
1.118320968E1,-2.746362209E0,-1.390828133E0,-1.133300591E1
1.119292396E1,-3.304188967E0,-1.100997567E0,-1.185494041E1
1.120263750E1,-3.732803345E0,-5.407779217E-1,-1.168505001E1
1.121235015E1,-3.661018610E0,-1.794617027E-1,-1.190518951E1
1.122206369E1,-3.352045536E0,1.465603895E-2,-1.193868923E1
1.123177802E1,-3.021835804E0,-8.853443712E-2,-1.178315639E1
1.124149146E1,-2.705684185E0,-3.086741269E-1,-1.149571800E1
1.125120416E1,-2.746362209E0,-6.966105103E-1,-1.134257793E1
1.126091770E1,-2.925823927E0,-1.043569803E0,-1.095224857E1
1.127063203E1,-3.050549746E0,-1.122532964E0,-1.083500004E1
1.128034546E1,-3.064906597E0,-1.388435364E0,-1.055743217E1
1.129005817E1,-3.471686602E0,-1.570289850E0,-1.084217834E1
1.129977177E1,-3.711267948E0,-1.563111424E0,-1.140479088E1
1.130948604E1,-3.737588882E0,-1.264008522E0,-1.162522984E1
1.131919948E1,-3.725624800E0,-7.851449251E-1,-1.137368393E1
1.132891224E1,-3.574877024E0,-9.000003934E-1,-1.100010490E1
1.133862578E1,-3.450151205E0,-1.491326690E0,-1.082542896E1
1.134834005E1,-3.029014349E0,-2.290828466E0,-1.010967541E1
1.135805359E1,-2.930908680E0,-2.657229662E0,-1.003071213E1
1.136776625E1,-2.784647465E0,-2.623729944E0,-1.067707348E1
1.137747979E1,-2.300997972E0,-2.276471615E0,-9.999606133E0
1.138719411E1,-2.157428741E0,-1.819442511E0,-1.064118099E1
1.139690755E1,-2.056930065E0,-1.237687469E0,-1.104586792E1
1.140662026E1,-2.432902336E0,-7.731808424E-1,-1.072014427E1
1.141633380E1,-2.724826813E0,-5.958128572E-1,-1.044706345E1
1.142604812E1,-2.861217737E0,-1.127318621E0,-1.076560783E1
1.143576156E1,-3.129513025E0,-1.788335800E0,-9.774381638E0
1.144547427E1,-2.729612350E0,-2.307578325E0,-9.750452995E0
1.145518786E1,-1.968395710E0,-3.021237612E0,-9.427422523E0
1.146490213E1,-1.192523003E0,-3.332304716E0,-9.422636032E0
1.147461557E1,-5.413761139E-1,-3.430410385E0,-1.021017456E1
1.148432828E1,-3.332005441E-1,-3.344268799E0,-1.071057320E1
1.149404187E1,-2.901297510E-1,-3.227020502E0,-1.005224800E1
1.150375614E1,-1.331605792E0,-2.437089920E0,-1.051196861E1
1.151346958E1,-2.255534410E0,-2.032403708E0,-9.822237968E0
1.152318234E1,-2.772683144E0,-1.994118571E0,-8.965308189E0
1.153289588E1,-3.029014349E0,-2.049153566E0,-9.408279419E0
1.154261015E1,-2.425724030E0,-2.278864384E0,-9.597312927E0
1.155232369E1,-1.887039781E0,-2.683550596E0,-9.420243263E0
1.156203635E1,-1.731207132E0,-3.009273529E0,-9.640383720E0
1.157174989E1,-1.642672777E0,-3.337090254E0,-9.190233231E0
1.158146422E1,-1.927717686E0,-3.468994617E0,-9.027522087E0
1.159117765E1,-2.317747831E0,-3.768097401E0,-8.565407753E0
1.160089036E1,-2.404188633E0,-4.136891365E0,-8.227720261E0
1.161060390E1,-2.514258385E0,-4.495814800E0,-8.378767967E0
1.162031823E1,-2.413759947E0,-4.828716278E0,-8.594121933E0
1.163003166E1,-2.346461773E0,-5.175974369E0,-8.155936241E0
1.163974437E1,-2.674577475E0,-5.561218739E0,-7.902296543E0
1.164945791E1,-2.686541557E0,-6.221937180E0,-7.497610569E0
1.165917224E1,-2.564507723E0,-6.621837616E0,-7.068996429E0
1.166888567E1,-2.667398930E0,-6.693622112E0,-6.896713257E0
1.167859838E1,-2.942872763E0,-6.597909451E0,-7.021139622E0
1.168831198E1,-2.830111027E0,-6.442375660E0,-7.198507786E0
1.169802625E1,-2.420938253E0,-6.104688644E0,-6.884748936E0
1.170773968E1,-1.848754644E0,-6.657730103E0,-6.611967087E0
1.171745244E1,-1.661815286E0,-7.560422421E0,-6.056533337E0
1.172716599E1,-1.120738268E0,-8.123034477E0,-5.443671703E0
1.173688026E1,-8.742775917E-1,-8.539685249E0,-5.359623432E0
1.174659369E1,-1.046560764E0,-8.309675217E0,-5.472385406E0
1.175630646E1,-1.182951689E0,-7.792526245E0,-5.855237007E0
1.176602000E1,-1.518245935E0,-7.107879639E0,-5.513063431E0
1.177573427E1,-1.520638824E0,-6.650551319E0,-5.019842625E0
1.178544781E1,-1.298106313E0,-6.712764740E0,-4.718048096E0
1.179516046E1,-1.137488008E0,-7.684848785E0,-4.435695171E0
1.180487401E1,-3.906283081E-1,-8.367102623E0,-4.229613304E0
1.181458833E1,5.407779217E-1,-8.860322952E0,-4.325624943E0
1.182430177E1,1.220638633E0,-9.042177200E0,-3.753441334E0
1.183401448E1,1.328315616E0,-8.841180801E0,-3.200400352E0
1.184372802E1,7.106683254E-1,-8.431708336E0,-3.678964853E0
1.185344234E1,-7.977072597E-1,-7.332805157E0,-3.671786308E0
1.186315578E1,-2.241177559E0,-6.506981850E0,-3.109174013E0
1.187286849E1,-3.012264490E0,-6.633801460E0,-2.774178743E0
1.188258203E1,-2.866003275E0,-7.234699249E0,-2.292922258E0
1.189229635E1,-1.918146491E0,-7.749455452E0,-2.007877350E0
1.190200979E1,-1.020239711E0,-8.178069115E0,-2.182852507E0
1.191172250E1,-6.969095767E-2,-8.510971069E0,-2.312064886E0
1.192143609E1,6.771687865E-1,-8.575576782E0,-1.739881158E0
1.193115036E1,6.484549642E-1,-8.711968422E0,-1.105484009E0
1.194086380E1,2.294118702E-1,-9.360722542E0,-9.523434043E-1
1.195057656E1,-4.217349887E-1,-9.171689034E0,-1.232303619E0
1.196029010E1,-1.032203913E0,-8.649754524E0,-2.108675003E0
1.197000437E1,-1.704886079E0,-8.223533630E0,-2.877070189E0
1.197971791E1,-2.303390980E0,-7.790132999E0,-2.915355206E0
1.198943057E1,-2.679363251E0,-7.615457058E0,-2.767000198E0
1.199914411E1,-2.736790895E0,-7.397710323E0,-2.637787819E0
1.200885843E1,-2.631506681E0,-7.491030216E0,-2.680858612E0
1.201857187E1,-2.621935368E0,-7.806882858E0,-2.290529490E0
1.202828458E1,-2.657827854E0,-8.008178711E0,-1.957628012E0
1.203799812E1,-2.906681299E0,-8.170890808E0,-1.646561027E0
1.204771244E1,-3.466900826E0,-8.149355888E0,-1.488335729E0
1.205742588E1,-4.168596268E0,-8.089534760E0,-1.802094579E0
1.206713859E1,-4.316951275E0,-8.285746574E0,-1.821237087E0
1.207685218E1,-3.828516245E0,-8.618648529E0,-1.160519004E0
1.208656646E1,-2.794218540E0,-9.224330902E0,-6.696912646E-1
1.209627989E1,-1.585245013E0,-9.822835922E0,-6.161518395E-2
1.210599265E1,-1.298106313E-1,-1.042373371E1,4.674977362E-1
1.211570619E1,1.036391258E0,-1.102463150E1,8.434699774E-1
1.212542047E1,1.857428551E0,-1.128544903E1,1.394118309E0
1.213513401E1,2.259721994E0,-1.143410301E1,1.614257932E0
1.214484666E1,1.864607096E0,-1.150828075E1,1.528116345E0
1.215456021E1,5.910272002E-1,-1.118973637E1,1.066002488E0
1.216427453E1,-9.436694384E-1,-1.062473106E1,8.697910309E-1
1.217398796E1,-2.186142683E0,-1.008843899E1,1.121037364E0
1.218370067E1,-2.945265532E0,-9.803693771E0,1.587936878E0
1.219341422E1,-2.971586704E0,-9.841979027E0,2.112264156E0
1.220312854E1,-2.339283228E0,-1.006451130E1,2.420938253E0
1.221284198E1,-1.566102386E0,-1.027298546E1,1.973480463E0
1.222255474E1,-9.317052960E-1,-1.029930687E1,1.154536963E0
1.223226828E1,-7.307082415E-1,-1.020359421E1,3.598206937E-1
1.224198255E1,-7.713862062E-1,-1.005254745E1,-4.902295470E-1
1.225169609E1,-9.269196987E-1,-9.815657616E0,-9.667003751E-1
1.226140875E1,-1.108774185E0,-9.636196136E0,-8.970093727E-1
1.227112229E1,-1.139880896E0,-9.648159981E0,-3.583251834E-1
1.228083661E1,-1.130309582E0,-9.758230209E0,1.728814393E-1
1.229055005E1,-9.699904919E-1,-9.944869995E0,6.996015310E-1
1.230026276E1,-8.240283132E-1,-1.015304565E1,1.264606714E0
1.230997630E1,-6.777670383E-1,-1.017218781E1,1.473081470E0
1.231969062E1,-6.996015310E-1,-9.916155815E0,9.702895880E-1
1.232940406E1,-8.288139701E-1,-9.657731056E0,4.674977362E-1
1.233911682E1,-1.087238789E0,-9.288937569E0,4.052843451E-1
1.234883036E1,-1.367498159E0,-9.255437851E0,3.191427290E-1
1.235854463E1,-1.695314884E0,-9.174081802E0,3.119642437E-1
1.236825817E1,-1.817647934E0,-9.253045082E0,5.679962635E-1
1.237797083E1,-1.747956991E0,-9.468399048E0,9.535398483E-1
1.238768437E1,-1.594816327E0,-9.786943436E0,1.286142230E0
1.239739869E1,-1.415354609E0,-1.009322548E1,1.406082392E0
1.240711213E1,-9.987043738E-1,-1.024666500E1,1.396511078E0
1.241682484E1,-5.772684813E-1,-1.028734303E1,1.164108157E0
1.242653843E1,-2.542374134E-1,-1.031844902E1,8.650053740E-1
1.243625271E1,-1.031904742E-1,-1.036151981E1,7.378866673E-1
1.244596614E1,-1.489532143E-1,-1.028734303E1,5.273182988E-1
1.245567890E1,-9.840483218E-2,-1.001426220E1,6.999006122E-2
1.246539244E1,-3.020938635E-1,-9.578469276E0,-2.410768867E-1
1.247510677E1,-5.509474277E-1,-9.873085022E0,-8.611170650E-1
1.248482020E1,-9.005986452E-1,-9.844371796E0,-6.290132403E-1
1.249453291E1,-1.156630635E0,-9.629017830E0,-1.118644550E-1
1.250424646E1,-1.048953652E0,-9.877870560E0,2.306082845E-1
1.251396078E1,-5.365904570E-1,-9.964012146E0,2.593221664E-1
1.252367422E1,-8.288139701E-1,-9.681659698E0,-5.922235921E-2
1.253338698E1,-1.601994753E0,-9.068798065E0,-1.342373490E0
1.254310052E1,-2.712862730E0,-7.993822098E0,-3.542573929E0
1.255281479E1,-3.646661758E0,-6.890132904E0,-4.818546772E0
1.256252833E1,-4.228416920E0,-6.320342064E0,-5.213661671E0
1.257224099E1,-3.969692707E0,-6.904489517E0,-5.239982605E0
1.258195453E1,-3.014657497E0,-7.146164894E0,-4.991128922E0
1.259166885E1,-2.241177559E0,-7.586743355E0,-4.519443989E0
1.260138229E1,-1.255035520E0,-8.345566750E0,-3.085245609E0
1.261109500E1,-9.987043738E-1,-8.616254807E0,-8.682954907E-1
1.262080859E1,-1.353141189E0,-8.589934349E0,1.408475280E0
1.263052286E1,-2.202892303E0,-7.881060600E0,3.294916868E0
1.264023640E1,-3.148655415E0,-6.748657227E0,2.796910524E0
1.264994906E1,-3.287439108E0,-5.764907837E0,-4.686941206E-1
1.265966260E1,-2.669791937E0,-5.147260666E0,-4.651049137E0
1.266937692E1,-1.628315806E0,-5.374578953E0,-7.392326355E0
1.267909036E1,-3.882354796E-1,-6.712764740E0,-7.196115017E0
1.268880307E1,2.772683203E-1,-8.211568832E0,-4.725226402E0
1.269851666E1,8.853443861E-1,-9.152546883E0,-2.532204628E0
1.270823093E1,8.111668825E-1,-9.533005714E0,-3.607180119E-1
1.271794448E1,3.945166469E-1,-9.444471359E0,3.167499006E-1
1.272765713E1,-1.872383654E-1,-9.183652878E0,-2.288136721E0
1.273737067E1,-1.125523925E0,-8.101499557E0,-6.487241268E0
1.274708500E1,-1.288534999E0,-7.579565048E0,-7.657929897E0
1.275679843E1,-1.587637782E0,-7.904988766E0,-5.587240696E0
1.276651114E1,-1.166201949E0,-8.668897629E0,-3.066103220E0
1.277622474E1,1.528415531E-1,-9.827621460E0,-2.481955290E0
1.278593901E1,1.778465390E0,-1.008604622E1,-3.657429457E0
1.279565255E1,1.709073544E0,-8.924929619E0,-6.336493492E0
1.280536521E1,8.398807645E-1,-7.873881817E0,-6.381957054E0
1.281507875E1,-1.752742529E-1,-7.452745438E0,-4.473979950E0
1.282479307E1,-1.010668516E0,-6.964310169E0,-4.258327007E0
1.283450651E1,-1.264606714E0,-6.396912098E0,-4.840082169E0
1.284421927E1,-1.247856975E0,-6.298806667E0,-5.326124191E0
1.285393281E1,-1.166201949E0,-6.341877460E0,-6.559325218E0
1.286364713E1,-1.496710539E0,-6.294020653E0,-7.516753197E0
1.287336057E1,-2.428116798E0,-6.016154289E0,-8.285447121E0
1.288307328E1,-3.206083298E0,-5.745765209E0,-9.496813774E0
1.289278687E1,-3.507878065E0,-5.532505035E0,-9.946963310E0
1.290250114E1,-3.608376503E0,-5.613861084E0,-8.761619568E0
1.291221458E1,-2.851646423E0,-5.776872158E0,-7.715656757E0
1.292192734E1,-1.628315806E0,-5.779264927E0,-7.461718082E0
1.293164088E1,-5.174478889E-1,-5.429613590E0,-8.081758499E0
1.294135520E1,-1.968096644E-1,-5.108676434E0,-8.376375198E0
1.295106864E1,-8.886345029E-1,-4.694717884E0,-9.367601395E0
1.296078135E1,-2.236391783E0,-3.885345697E0,-1.009292603E1
1.297049494E1,-3.814159393E0,-3.698705673E0,-9.795916557E0
1.298020922E1,-4.750350952E0,-3.768097401E0,-1.006660461E1
1.298992276E1,-4.084847450E0,-3.727419376E0,-9.324232101E0
1.299963541E1,-2.858824968E0,-4.301996231E0,-9.185447693E0
1.300934896E1,-1.350748420E0,-4.601397991E0,-9.614062309E0
1.301906328E1,-5.198407173E-1,-4.984249592E0,-9.477671623E0
1.302877672E1,-7.450651526E-1,-4.594219685E0,-1.044227791E1
1.303848942E1,-1.362712502E0,-3.801596880E0,-1.034417248E1
1.304820302E1,-2.255534410E0,-3.646063566E0,-9.877272606E0
1.305791729E1,-2.928216696E0,-3.674777269E0,-1.029392338E1
1.306763083E1,-3.040978432E0,-3.614956856E0,-1.091396332E1
1.307734349E1,-3.225225925E0,-3.490530014E0,-1.127797127E1
1.308705703E1,-3.040978432E0,-3.066701412E0,-1.100967598E1
1.309677135E1,-2.411366940E0,-3.002095222E0,-9.779167175E0
1.310648479E1,-2.327319145E0,-2.688336134E0,-1.032981491E1
1.311619755E1,-2.083251238E0,-2.370090723E0,-9.657133102E0
1.312591109E1,-1.740778446E0,-2.645265341E0,-1.023649502E1
1.313562541E1,-1.920539260E0,-2.520838737E0,-9.822237968E0
1.314533885E1,-2.624328136E0,-2.245364904E0,-9.441779137E0
1.315505156E1,-3.230011463E0,-1.879263043E0,-9.944570541E0
1.316476515E1,-4.087240219E0,-1.124925733E0,-9.803094864E0
1.317447942E1,-3.644268990E0,-1.208973646E0,-1.019820976E1
1.318419297E1,-4.015156269E0,-8.114659786E-1,-1.009053326E1
1.319390562E1,-3.747160196E0,-1.084247708E0,-1.024367332E1
1.320361916E1,-3.692125320E0,-1.074676514E0,-1.009292603E1
1.321333349E1,-3.263510942E0,-1.081854939E0,-1.058614635E1
1.322304692E1,-3.335295677E0,-9.311071038E-1,-1.021256733E1
1.323275968E1,-3.605983734E0,-6.364908218E-1,-1.031306553E1
1.324247323E1,-3.615555048E0,-4.450650215E-1,-1.053350449E1
1.325218750E1,-3.529413462E0,-4.857429862E-1,-1.060289669E1
1.326190104E1,-3.488436222E0,-6.894320250E-1,-1.108893871E1
1.327161369E1,-3.246761322E0,-9.502496719E-1,-1.117986584E1
1.328132729E1,-3.151048422E0,-1.139282703E0,-1.121815109E1
1.329104156E1,-3.186940670E0,-1.268794179E0,-1.135454178E1
1.330075510E1,-3.244368315E0,-1.371685624E0,-1.122532940E1
1.331046776E1,-3.325724363E0,-1.340578914E0,-1.124686432E1
1.332018130E1,-3.194119215E0,-1.338186026E0,-1.130907822E1
1.332989562E1,-3.045764208E0,-1.340578914E0,-1.157468128E1
1.333960906E1,-2.954836845E0,-1.350150228E0,-1.173529911E1
1.334932177E1,-2.753540754E0,-1.510469317E0,-1.112722397E1
1.335903536E1,-2.729612350E0,-1.548754454E0,-1.136650562E1
1.336874963E1,-2.851646423E0,-1.737787485E0,-1.083978558E1
1.337846317E1,-3.146262646E0,-1.740180254E0,-1.090439224E1
1.338817583E1,-3.375973701E0,-1.699502230E0,-1.105304623E1
1.339788937E1,-3.639483213E0,-1.646860242E0,-1.075125122E1
1.340760369E1,-3.969692707E0,-1.493719578E0,-1.063160992E1
1.341731724E1,-4.216452599E0,-1.795514345E0,-9.726525307E0
1.342702989E1,-4.261916161E0,-2.063510418E0,-1.014556789E1
1.343674343E1,-4.180560112E0,-2.207079887E0,-1.058136082E1
1.344645776E1,-4.077668667E0,-2.470589399E0,-1.052393341E1
1.345617119E1,-3.960121393E0,-2.551945448E0,-1.044467068E1
1.346588390E1,-3.653840065E0,-2.504088879E0,-1.006181908E1
1.347559750E1,-3.222832918E0,-2.480160713E0,-9.757631302E0
1.348531177E1,-2.720041037E0,-2.535195589E0,-9.905986786E0
1.349502531E1,-2.277069807E0,-2.597409010E0,-1.080628586E1
1.350473796E1,-2.454437733E0,-2.417947292E0,-9.501599312E0
1.351445151E1,-2.813361168E0,-2.199901342E0,-1.040159988E1
1.352416583E1,-2.586043119E0,-2.307578325E0,-1.005224800E1
1.353387927E1,-2.607578516E0,-2.528017044E0,-9.709774971E0
1.354359203E1,-2.370688915E0,-2.676372051E0,-9.932606697E0
1.355330557E1,-2.176571369E0,-2.915953398E0,-9.942177773E0
1.356301989E1,-1.755135417E0,-3.071486950E0,-9.537491798E0
1.357273333E1,-1.087238789E0,-3.320340633E0,-9.171091080E0
1.358244604E1,-5.892325640E-1,-3.780061483E0,-9.329017639E0
1.359215963E1,5.766702294E-1,-4.893322468E0,-8.381160736E0
1.360187390E1,-7.447660714E-2,-5.566004753E0,-7.167401314E0
1.361158744E1,-1.350748420E0,-5.410470963E0,-9.693025589E0
1.362130010E1,-2.174178362E0,-5.479863167E0,-9.309874535E0
1.363101364E1,-2.437688112E0,-6.188437462E0,-8.129614830E0
1.364072797E1,-2.004287958E0,-6.411269188E0,-7.605287552E0
1.365044140E1,1.815554202E-1,-7.289734364E0,-7.552645683E0
1.366015416E1,1.479063511E0,-7.581957817E0,-7.212864876E0
1.366986771E1,3.203391433E-1,-7.045666218E0,-7.136294365E0
1.367958198E1,-2.272284269E0,-5.934798241E0,-7.533503056E0
1.368929552E1,-3.998406649E0,-5.760122299E0,-7.282256603E0
1.369900817E1,-4.623531342E0,-5.937191010E0,-7.133901596E0
1.370872177E1,-4.494019985E0,-6.145366669E0,-7.263113976E0
1.371843604E1,-3.749552965E0,-6.401698112E0,-6.722036839E0
1.372814958E1,-2.171785593E0,-6.602694988E0,-6.925426960E0
1.373786224E1,5.234299600E-2,-6.643373013E0,-7.037889481E0
1.374757578E1,2.247757673E0,-6.813562393E0,-5.919843197E0
1.375729010E1,3.135794163E0,-7.426424026E0,-4.948058128E0
1.376700354E1,9.020941257E-1,-7.842775345E0,-4.591228485E0
1.377671625E1,-3.122334480E0,-7.287341595E0,-4.701298237E0
1.378642984E1,-4.338486671E0,-7.608278751E0,-4.847260475E0
1.379614411E1,-2.957229614E0,-8.340781212E0,-4.909772873E0
1.380585765E1,-8.647062778E-1,-8.819644928E0,-4.689334393E0
1.381557031E1,9.547362328E-1,-8.901000977E0,-4.464408875E0
1.382528385E1,2.132902384E0,-9.085547447E0,-3.897010803E0
1.383499817E1,2.132902384E0,-9.233902931E0,-3.425325632E0
1.384471161E1,1.019641519E0,-9.243474007E0,-3.650250912E0
1.385442437E1,-1.539781332E0,-8.987142563E0,-3.190829039E0
1.386413791E1,-3.931407690E0,-8.446065903E0,-2.795714140E0
1.387385224E1,-3.608376503E0,-8.862715721E0,-3.451646566E0
1.388356567E1,-2.492722988E0,-9.272188187E0,-3.406183004E0
1.389327838E1,-1.635494232E0,-9.609575272E0,-2.608774900E0
1.390299198E1,-7.713862062E-1,-9.755837440E0,-2.070389748E0
1.391270625E1,-5.294120312E-1,-9.236295700E0,-2.412563324E0
1.392241979E1,-1.197308660E0,-8.513363838E0,-2.991925716E0
1.393213244E1,-1.635494232E0,-7.837989807E0,-2.630609512E0
1.394184599E1,-1.685743570E0,-7.543672562E0,-2.807678223E0
1.395156031E1,-1.709671736E0,-7.562815189E0,-2.628216505E0
1.396127375E1,-2.418545485E0,-7.505387306E0,-2.460419893E0
1.397098651E1,-3.605983734E0,-7.138986588E0,-2.778964281E0
1.398070005E1,-3.608376503E0,-6.866204739E0,-3.693321705E0
1.399041437E1,-2.825325251E0,-6.930810928E0,-3.729214191E0
1.400012781E1,-1.970788598E0,-7.045666218E0,-2.877070189E0
1.400984052E1,-9.652048349E-1,-7.048058987E0,-2.050948143E0
1.401955411E1,-6.466603279E-1,-6.959524632E0,-1.632204175E0
1.402926838E1,-8.407780528E-1,-6.789335251E0,-1.534098387E0
1.403898192E1,-1.329213023E0,-6.607480526E0,-1.423729420E0
1.404869458E1,-1.740778446E0,-6.279664040E0,-1.586740494E0
1.405840812E1,-2.514258385E0,-6.162116528E0,-1.849951029E0
1.406812244E1,-3.203690529E0,-6.305984974E0,-1.687239051E0
1.407783588E1,-3.555734396E0,-6.418447495E0,-1.265803218E0
1.408754864E1,-3.498306751E0,-7.349554539E0,-1.146162033E0
1.409726218E1,-3.002693415E0,-8.288139343E0,-1.210768223E0
1.410697646E1,-2.009073734E0,-8.496614456E0,-8.874381185E-1
1.411669000E1,-1.130309582E0,-8.707182884E0,-3.200400174E-1
1.412640265E1,-3.308077157E-1,-9.672088623E0,-4.088735580E-1
1.413611625E1,4.642075896E-1,-1.068215847E1,-7.127620578E-1
1.414583052E1,1.019641519E0,-1.171167088E1,2.856431901E-1
1.415554406E1,9.882357717E-1,-1.253539944E1,2.322832584E0
1.416525672E1,8.829515576E-1,-1.303579903E1,3.654139280E0
1.417497026E1,6.029912829E-1,-1.311954784E1,3.969991922E0
1.418468458E1,5.234299600E-2,-1.262393379E1,3.558426380E0
1.419439802E1,-8.407780528E-1,-1.169492054E1,1.822433591E0
1.420411073E1,-1.752742529E0,-1.066780186E1,2.210369855E-1
1.421382432E1,-2.526222467E0,-1.016022396E1,-7.103692293E-1
1.422353859E1,-2.866003275E0,-9.889835358E0,-4.423730969E-1
1.423325213E1,-2.583650351E0,-1.016500950E1,-2.333002165E-2
1.424296479E1,-2.305783749E0,-1.050508976E1,3.071786165E-1
1.425267838E1,-2.023430586E0,-1.068215847E1,3.526422381E-1
1.426239265E1,-1.580459356E0,-1.078056335E1,1.752742529E-1
1.427210609E1,-1.161416292E0,-1.077099228E1,1.369891018E-1
1.428181885E1,-9.843474030E-1,-1.059362411E1,2.904288471E-1
1.429153239E1,-9.699904919E-1,-1.017458057E1,4.698905349E-1
1.430124672E1,-1.132702470E0,-9.660123825E0,6.589235067E-1
1.431096015E1,-1.353141189E0,-8.989535332E0,8.554341197E-1
1.432067286E1,-1.604387641E0,-8.436494827E0,8.673982024E-1
1.433038646E1,-1.820040703E0,-8.127820015E0,8.769695163E-1
1.434010073E1,-1.942074656E0,-8.051250458E0,9.774680734E-1
1.434981427E1,-1.937289000E0,-8.374280930E0,1.149751306E0
1.435952692E1,-1.769492388E0,-8.836395264E0,1.262213945E0
1.436924046E1,-1.389033556E0,-9.296115875E0,1.453938842E0
1.437895479E1,-1.015454054E0,-9.758230209E0,1.568794370E0
1.438866823E1,-8.144569993E-1,-1.015783119E1,1.420439363E0
1.439838099E1,-4.695914388E-1,-1.045244789E1,1.334297776E0
1.440809453E1,-1.175474152E-1,-1.068933678E1,1.135394335E0
1.441780885E1,1.884347759E-2,-1.064865875E1,1.063609719E0
1.442752229E1,-3.858426586E-2,-1.059601688E1,1.106680512E0
1.443723500E1,-2.757728100E-1,-1.051705360E1,1.113858938E0
1.444694859E1,-5.796613097E-1,-1.037827015E1,1.252642632E0
1.445666286E1,-7.498508096E-1,-1.024666500E1,1.430010676E0
1.446637640E1,-9.101698995E-1,-1.015543842E1,1.520937920E0
1.447608906E1,-1.503889084E0,-1.035912704E1,1.425225019E0
1.448580260E1,-1.683350682E0,-1.027059269E1,1.681257010E0
1.449551692E1,-1.954038739E0,-1.029452133E1,1.889731646E0
1.450523036E1,-1.961217284E0,-1.026341438E1,2.291725874E0
1.451494312E1,-1.906182289E0,-1.053858948E1,2.210369825E0
1.452465666E1,-1.266999602E0,-1.053141022E1,1.681257010E0
1.453437099E1,-6.924230456E-1,-1.020598698E1,8.841479421E-1
1.454408526E1,-8.431708813E-1,-9.585647583E0,-2.985046208E-1
1.455379796E1,-1.427318692E0,-9.051749229E0,-1.105484009E0
1.456351156E1,-2.064108610E0,-8.836395264E0,-8.539385796E-1
1.457322583E1,-2.842075109E0,-8.585148811E0,-4.926223755E-1
1.458293937E1,-3.359223843E0,-8.276175499E0,-9.571290612E-1
1.459265203E1,-3.285046339E0,-8.020143509E0,-1.569990754E0
1.460236557E1,-2.952444077E0,-8.041678429E0,-1.435693622E0
1.461207989E1,-2.334497690E0,-8.273782730E0,-8.515457511E-1
1.462179333E1,-1.479960799E0,-8.295317650E0,-1.780559182E0
1.463150609E1,-1.036989570E0,-7.756633759E0,-4.062115669E0
1.464121963E1,-1.005882859E0,-7.737491131E0,-4.734797955E0
1.465093395E1,-1.322034478E0,-8.060821533E0,-2.984747171E0
1.466064739E1,-2.389831543E0,-8.012965202E0,-1.272981644E0
1.467036010E1,-3.148655415E0,-7.668099403E0,-8.204390407E-1
1.468007369E1,-3.328117132E0,-6.961917400E0,-1.593919039E0
1.468978796E1,-3.306581736E0,-6.506981850E0,-1.859522343E0
1.469950151E1,-3.282653570E0,-6.471089840E0,-1.074377418E0
1.470921416E1,-3.656233072E0,-6.183651924E0,-5.739783049E-1
1.471892770E1,-4.180560112E0,-6.068796635E0,-1.414158225E0
1.472864203E1,-4.046263218E0,-6.894918442E0,-1.955235243E0
1.473835546E1,-2.887538671E0,-8.127820015E0,-1.732702732E0
1.474806822E1,-1.597209096E0,-9.071190834E0,-2.510669231E0
1.475778177E1,-9.221340418E-1,-9.095118523E0,-3.700500250E0
1.476749609E1,-8.144569993E-1,-8.831609726E0,-4.730011940E0
1.477720953E1,-1.793420553E0,-8.347960472E0,-6.288637161E0
1.478692224E1,-2.559721947E0,-7.715955734E0,-6.216852188E0
1.479663583E1,-2.981158018E0,-7.931309700E0,-5.572884083E0
1.480635010E1,-2.408974171E0,-8.625826836E0,-3.997509241E0
1.481606364E1,-2.188535452E0,-8.618648529E0,-2.984747171E0
1.482577630E1,-2.844467878E0,-8.182855606E0,-3.439682484E0
1.483548984E1,-3.486043453E0,-7.177271366E0,-4.397409916E0
1.484520416E1,-4.628317356E0,-6.255735874E0,-5.749952793E0
1.485491760E1,-4.846064091E0,-5.800800323E0,-6.552146435E0
1.486463031E1,-4.304986954E0,-6.126224041E0,-5.287838936E0
1.487434390E1,-3.079263687E0,-6.926024914E0,-3.336791277E0
1.488405817E1,-1.434497118E0,-7.605885983E0,-1.483550072E0
1.489377171E1,1.887338907E-1,-7.768597603E0,-1.847558141E0
1.490348437E1,8.997012973E-1,-7.572386265E0,-4.328018188E0
1.491319796E1,1.249352574E0,-7.498209000E0,-7.720442295E0
1.492291224E1,5.934200287E-1,-7.213163853E0,-8.333304405E0
1.493262567E1,-5.533402562E-1,-7.170093060E0,-6.348457813E0
1.494233843E1,-9.699904919E-1,-7.447959423E0,-5.977271080E0
1.495205197E1,-1.209272742E0,-7.486244678E0,-6.477670193E0
1.496176630E1,-8.934201598E-1,-7.936394691E0,-7.720442295E0
1.497147974E1,-3.643072546E-1,-8.288139343E0,-8.057829857E0
1.498119244E1,2.123630047E-2,-8.347960472E0,-7.145865917E0
1.499090604E1,3.586242795E-1,-8.359924316E0,-6.503991127E0
1.500062031E1,-1.007976532E-1,-7.873881817E0,-6.652645111E0
1.501033385E1,-8.934201598E-1,-6.839883327E0,-7.768298626E0
1.502004651E1,-1.515853167E0,-5.968297958E0,-8.026723862E0
1.502976005E1,-1.944467545E0,-5.458327770E0,-7.890332699E0
1.503947437E1,-2.897109985E0,-4.881358147E0,-9.405886650E0
1.504918781E1,-4.712066174E0,-3.995415688E0,-9.850952148E0
1.505890057E1,-5.291428089E0,-3.368196964E0,-9.168698311E0
1.506861411E1,-4.762315273E0,-2.913560629E0,-8.309375763E0
