"Time (s)","Gyroscope x (rad/s)","Gyroscope y (rad/s)","Gyroscope z (rad/s)"
1.682572940E-1,1.040578246E0,5.949652195E-1,-6.039752364E-1
1.779709920E-1,1.117545009E0,6.487197876E-1,-6.161921620E-1
1.876854190E-1,1.198176861E0,6.841489077E-1,-6.027535200E-1
1.973989600E-1,1.270409584E0,6.413896084E-1,-5.636593103E-1
2.071118250E-1,1.318055630E0,5.900784731E-1,-5.086830258E-1
2.168255230E-1,1.385248899E0,4.544703662E-1,-4.329380095E-1
2.265399500E-1,1.453663707E0,2.834331393E-1,-3.571929336E-1
2.362535440E-1,1.485427856E0,1.293469071E-1,-3.193204105E-1
2.459664080E-1,1.491536260E0,-4.535540938E-2,-3.254288733E-1
2.556800020E-1,1.502531528E0,-3.141281903E-1,-3.596363366E-1
2.653944810E-1,1.476875901E0,-6.439857483E-1,-4.488200247E-1
2.751080750E-1,1.486649513E0,-8.614473343E-1,-5.392253995E-1
2.848209400E-1,1.550177574E0,-8.980981708E-1,-5.722111464E-1
2.945346370E-1,1.635696292E0,-8.516737819E-1,-5.331169367E-1
3.042490650E-1,1.722436547E0,-8.101361990E-1,-4.194993675E-1
3.139626580E-1,1.816506982E0,-7.307260633E-1,-2.570139766E-1
3.236754710E-1,1.930124640E0,-5.926745534E-1,-1.006370857E-1
3.333891690E-1,2.065732718E0,-5.010474920E-1,5.650337320E-3
3.431035960E-1,2.101161957E0,-5.047125220E-1,6.551336497E-2
3.528171900E-1,2.024195194E0,-4.961606860E-1,3.741439432E-2
3.625300540E-1,2.048629045E0,-5.328115225E-1,-4.688252881E-2
3.722437520E-1,2.096275091E0,-6.281036735E-1,-1.201841980E-1
3.819581790E-1,2.148808002E0,-6.623111367E-1,-1.714953631E-1
3.916717210E-1,2.277085781E0,-6.488724947E-1,-2.118112892E-1
4.013845850E-1,2.434684515E0,-6.403206587E-1,-2.289150059E-1
4.110982830E-1,2.536085129E0,-5.425850749E-1,-2.325800955E-1
4.208127100E-1,2.562962294E0,-4.094203711E-1,-2.435753495E-1
4.305263040E-1,2.550745487E0,-2.835858464E-1,-2.667875290E-1
4.402391690E-1,2.534863472E0,-2.298312783E-1,-3.242071867E-1
4.499527620E-1,2.531198263E0,-2.347180545E-1,-3.999522328E-1
4.596672420E-1,2.550745487E0,-1.858502775E-1,-4.402681589E-1
4.693808350E-1,2.575179338E0,-1.088835225E-1,-4.451549351E-1
4.790937000E-1,2.594726562E0,-8.811471611E-2,-4.085040987E-1
4.888073980E-1,2.620382071E0,-3.924693540E-2,-3.474193811E-1
4.985218250E-1,2.642372608E0,5.238015205E-2,-2.985515893E-1
5.082354190E-1,2.669249773E0,1.368297935E-1,-2.936648130E-1
5.179482310E-1,2.736443043E0,2.492256761E-1,-3.669664860E-1
5.276619290E-1,2.824404955E0,3.628432751E-1,-4.622586668E-1
5.373763560E-1,2.863499165E0,3.628432751E-1,-5.294518471E-1
5.470899500E-1,2.850060701E0,2.956500649E-1,-5.832064152E-1
5.568028150E-1,2.820739985E0,2.284568697E-1,-6.174138784E-1
5.665165120E-1,2.782867432E0,1.698155403E-1,-6.088619828E-1
5.762309400E-1,2.757211924E0,1.600419879E-1,-5.502206683E-1
5.859445330E-1,2.792640924E0,2.199050188E-1,-4.610369802E-1
5.956573460E-1,2.886711359E0,2.883199155E-1,-3.400892019E-1
6.053710440E-1,2.949017763E0,3.005368412E-1,-2.313583940E-1
6.150854710E-1,2.941687584E0,2.663294077E-1,-1.947075576E-1
6.247990650E-1,2.896485090E0,1.722589284E-1,-2.496838123E-1
6.345119290E-1,2.782867432E0,-1.969982497E-2,-3.633013964E-1
6.442256270E-1,2.648480892E0,-2.615953386E-1,-4.439332485E-1
6.539400540E-1,2.597169876E0,-4.399627447E-1,-4.414898455E-1
6.636536480E-1,2.583731174E0,-4.876088202E-1,-4.133908749E-1
6.733664600E-1,2.589839697E0,-3.666610718E-1,-4.366030693E-1
6.830801580E-1,2.583731174E0,-2.053973973E-1,-5.001311898E-1
6.927945850E-1,2.526311636E0,-1.516428292E-1,-5.648810267E-1
7.025081790E-1,2.416358948E0,-2.298312783E-1,-6.137487888E-1
7.122210440E-1,2.291746140E0,-2.811424434E-1,-6.064186096E-1
7.219347420E-1,2.174463511E0,-3.348970115E-1,-5.282301903E-1
7.316491690E-1,2.036412001E0,-4.399627447E-1,-3.804051280E-1
7.413627620E-1,1.888586998E0,-4.863871336E-1,-2.215848416E-1
7.510755750E-1,1.768860936E0,-4.277457893E-1,-1.165191159E-1
7.607892730E-1,1.741983652E0,-4.815003574E-1,-6.154286116E-2
7.705037000E-1,1.695559263E0,-4.937172830E-1,-5.421269313E-2
7.802173980E-1,1.639361382E0,-3.898732662E-1,-9.208522737E-2
7.899301580E-1,1.577054858E0,-1.980672181E-1,-9.208522737E-2
7.996438560E-1,1.498866439E0,1.068982761E-3,-1.634016447E-2
8.093582830E-1,1.386470556E0,1.514901221E-1,1.070509851E-1
8.190718770E-1,1.245975733E0,2.003578991E-1,2.377723008E-1
8.287847420E-1,1.144422293E0,2.089097649E-1,3.161134422E-1
8.384984400E-1,1.090667725E0,2.651077211E-1,2.757975459E-1
8.482128670E-1,1.027139664E0,3.054236174E-1,1.498102844E-1
8.579264600E-1,9.074136019E-1,3.188622594E-1,-1.267508045E-2
8.676393250E-1,7.400414348E-1,2.223484069E-1,-1.531699449E-1
8.773530230E-1,5.555655956E-1,6.704048812E-2,-2.948864996E-1
8.870674500E-1,3.686463237E-1,-1.785201132E-1,-3.633013964E-1
8.967810440E-1,2.024958730E-1,-4.680617154E-1,-3.352024257E-1
9.064939080E-1,6.566607952E-2,-6.488724947E-1,-2.655658424E-1
9.162076060E-1,-6.505523622E-2,-7.539382577E-1,-1.898207814E-1
9.259220330E-1,-1.994416267E-1,-8.321266770E-1,-1.287360638E-1
9.356356270E-1,-3.289412558E-1,-8.419002295E-1,-4.688252881E-2
9.453484920E-1,-4.242334068E-1,-7.881456614E-1,4.107947648E-2
9.550621900E-1,-4.938700199E-1,-6.879667044E-1,1.094943732E-1
9.647766170E-1,-5.195255876E-1,-5.645755529E-1,1.473668963E-1
9.744902100E-1,-5.085303187E-1,-4.216373265E-1,1.779092699E-1
9.842030750E-1,-4.853181541E-1,-2.249445021E-1,1.974563748E-1
9.939167730E-1,-4.401154518E-1,-1.527118147E-4,1.913478971E-1
1.003631200E0,-3.729222417E-1,2.089097649E-1,1.608055383E-1
1.013344794E0,-3.069507480E-1,4.251496792E-1,1.180462316E-1
1.023057658E0,-2.348707765E-1,6.242858768E-1,7.895200700E-2
1.032771356E0,-1.566823274E-1,7.660024762E-1,3.374931216E-2
1.042485783E0,-1.065928489E-1,8.674030900E-1,-1.511846948E-2
1.052199377E0,-1.163664013E-1,9.333745837E-1,-4.810422286E-2
1.061912242E0,-1.872246861E-1,9.455915689E-1,-6.520794332E-2
1.071625940E0,-3.081724346E-1,8.967237473E-1,-6.398624927E-2
1.081340419E0,-4.731011987E-1,7.989882231E-1,-6.398624927E-2
1.091054012E0,-6.539120078E-1,6.597150564E-1,-8.108997345E-2
1.100766877E0,-8.212841153E-1,5.033381581E-1,-1.055238619E-1
1.110480575E0,-9.568922520E-1,3.249707520E-1,-1.226275861E-1
1.120195002E0,-1.061957955E0,1.122431830E-1,-1.311794519E-1
1.129908596E0,-1.146254897E0,-1.162136942E-1,-1.372879148E-1
1.139621460E0,-1.237882018E0,-3.067980409E-1,-1.372879148E-1
1.149335158E0,-1.375933409E0,-4.460712075E-1,-9.941539168E-2
1.159049637E0,-1.589730024E0,-5.706840754E-1,-3.466558084E-2
1.168763231E0,-1.847507477E0,-6.219952106E-1,1.420219894E-2
1.178476096E0,-2.096733332E0,-5.059342384E-1,5.573981255E-2
1.188189794E0,-2.259218693E0,-3.446705639E-1,1.156028435E-1
1.197904221E0,-2.287317514E0,-2.921377122E-1,2.072299272E-1
1.207617815E0,-2.206685781E0,-4.143071473E-1,3.075616062E-1
1.217330679E0,-2.112615347E0,-6.403206587E-1,3.881934285E-1
1.227044429E0,-2.100398302E0,-8.980981708E-1,4.272876680E-1
1.236758856E0,-2.170034885E0,-1.127776742E0,4.333961308E-1
1.246472450E0,-2.255553484E0,-1.279266834E0,4.517215490E-1
1.256185315E0,-2.271435499E0,-1.230399132E0,5.213581324E-1
1.265899012E0,-2.157817841E0,-8.516737819E-1,6.300889254E-1
1.275613492E0,-2.009992838E0,-1.821851879E-1,7.595885396E-1
1.285327085E0,-1.985558987E0,6.609367132E-1,8.561024070E-1
1.295039950E0,-2.074742794E0,1.219251156E0,8.475505710E-1
1.304753648E0,-2.297091007E0,1.226581335E0,7.498149872E-1
1.314468127E0,-2.612288237E0,7.855495811E-1,6.044333577E-1
1.324181721E0,-2.887169600E0,1.244601309E-1,4.822639227E-1
1.333894585E0,-2.962914705E0,-4.057552814E-1,4.346178174E-1
1.343608283E0,-2.828528166E0,-4.924955964E-1,4.468347728E-1
1.353322710E0,-2.597627878E0,-1.516428292E-1,5.360184908E-1
1.363036408E0,-2.353289127E0,2.797680497E-1,7.314895988E-1
1.372749221E0,-2.249444962E0,6.609367132E-1,9.929322004E-1
1.382462919E0,-2.309308052E0,1.065317631E0,1.214058876E0
1.392177346E0,-2.403378487E0,1.464811683E0,1.314237833E0
1.401891044E0,-2.413151979E0,1.580872655E0,1.218945742E0
1.411603856E0,-2.372836113E0,1.314543247E0,9.623898268E-1
1.421317554E0,-2.404600143E0,1.062874198E0,6.533011198E-1
1.431031981E0,-2.521883011E0,8.955020905E-1,4.028537571E-1
1.440745679E0,-2.607401609E0,6.988092661E-1,2.757975459E-1
1.450458492E0,-2.608623266E0,5.790832043E-1,2.709107697E-1
1.460172190E0,-2.549981833E0,7.464553714E-1,3.943018913E-1
1.469886617E0,-2.414373875E0,1.054322362E0,6.019899845E-1
1.479600315E0,-2.200577259E0,1.282779217E0,7.986828089E-1
1.489313127E0,-2.019766569E0,1.404948711E0,8.817580342E-1
1.499026825E0,-1.903705478E0,1.442821264E0,8.011261821E-1
1.508741252E0,-1.808413267E0,1.362189412E0,5.775560737E-1
1.518454950E0,-1.705790997E0,1.027445078E0,2.634278834E-1
1.528167762E0,-1.729003191E0,5.705313683E-1,-5.543438718E-2
1.537881460E0,-1.862167835E0,1.832541823E-1,-3.119902313E-1
1.547595940E0,-1.930582762E0,-1.235438585E-1,-4.463766217E-1
1.557309533E0,-1.907370567E0,-3.153499067E-1,-3.877353072E-1
1.567022398E0,-1.856059432E0,-2.664821148E-1,-1.605001241E-1
1.576736096E0,-1.792531252E0,-8.444963396E-2,1.046075895E-1
1.586450575E0,-1.765653968E0,5.848862603E-2,3.075616062E-1
1.596164169E0,-1.819408536E0,1.930277348E-1,4.089622498E-1
1.605877033E0,-1.885380030E0,3.640649617E-1,4.162923992E-1
1.615590783E0,-1.924474239E0,6.157340407E-1,3.759764731E-1
1.625305210E0,-1.892710209E0,8.087617755E-1,3.613161445E-1
1.635018908E0,-1.752215385E0,7.941014171E-1,3.600944579E-1
1.644731721E0,-1.603168607E0,6.523848772E-1,3.295520842E-1
1.654445419E0,-1.478555799E0,5.656445622E-1,2.524326444E-1
1.664159846E0,-1.397923946E0,4.373666346E-1,1.461452097E-1
1.673873544E0,-1.377155185E0,1.759240031E-1,2.519745007E-2
1.683586356E0,-1.390593767E0,-2.334963679E-1,-1.189625040E-1
1.693300054E0,-1.437018156E0,-5.584670901E-1,-2.289150059E-1
1.703014533E0,-1.478555799E0,-7.221741676E-1,-2.619007528E-1
1.712728127E0,-1.571404576E0,-8.761076927E-1,-1.776038408E-1
1.722440992E0,-1.621494055E0,-8.089144826E-1,-1.287360638E-1
1.732154742E0,-1.581178188E0,-6.977402568E-1,-8.719844371E-2
1.741869169E0,-1.526201844E0,-6.452074051E-1,5.573981255E-2
1.751582762E0,-1.438239813E0,-5.926745534E-1,1.412584335E-1
1.761295679E0,-1.323400617E0,-4.753918648E-1,4.230117425E-2
1.771009377E0,-1.217113137E0,-4.326325655E-1,6.551336497E-2
1.780723856E0,-1.102273822E0,-4.375193417E-1,1.253764033E-1
1.790437450E0,-1.053406119E0,-4.045335948E-1,1.094943732E-1
1.800150315E0,-1.033859015E0,-3.568875194E-1,4.718795046E-2
1.809864065E0,-9.935430884E-1,-3.910949528E-1,-6.566607859E-3
1.819578492E0,-9.617789984E-1,-4.424061179E-1,-3.344388679E-2
1.829292085E0,-8.872556686E-1,-3.813214004E-1,-7.788302377E-3
1.839005002E0,-7.895200849E-1,-3.300102353E-1,8.017370105E-2
1.848718700E0,-7.198835015E-1,-2.664821148E-1,1.094943732E-1
1.858433127E0,-6.429167390E-1,-3.055763543E-1,1.632489264E-1
1.868146825E0,-5.219689608E-1,-3.251234591E-1,2.023431510E-1
1.877859637E0,-4.266768098E-1,-2.884726226E-1,1.632489264E-1
1.887573335E0,-3.313846290E-1,-1.626380831E-1,9.849911928E-2
1.897287815E0,-2.373141646E-1,-1.003316641E-1,1.375933439E-1
1.907001408E0,-1.224748790E-1,1.206423342E-2,1.180462316E-1
1.916714273E0,-6.413896102E-3,5.482354015E-2,6.673506647E-2
1.926428023E0,9.009996802E-2,6.704048812E-2,-1.679830020E-3
1.936142502E0,1.682884246E-1,4.871506989E-2,-1.079672500E-1
1.945856096E0,2.342599183E-1,4.993676394E-2,-2.301367074E-1
1.955568960E0,3.393256664E-1,7.070557028E-2,-3.242071867E-1
1.965282658E0,4.407263100E-1,1.085781008E-1,-3.657447994E-1
1.974997137E0,5.286883116E-1,1.869192570E-1,-3.865135908E-1
1.984710731E0,6.227588058E-1,2.944283783E-1,-4.048390090E-1
1.994423596E0,7.033905983E-1,3.872771561E-1,-4.304946065E-1
2.004137346E0,7.913526297E-1,3.970507085E-1,-4.537068009E-1
2.013851773E0,8.683193922E-1,4.361449480E-1,-4.561502039E-1
2.023565471E0,9.575030804E-1,4.410317242E-1,-4.524851143E-1
2.033278283E0,1.038134933E0,3.958290219E-1,-4.537068009E-1
2.042991981E0,1.088224411E0,3.420744538E-1,-4.451549351E-1
2.052706460E0,1.165191174E0,2.040229887E-1,-3.865135908E-1
2.062420054E0,1.254527569E0,4.016320780E-2,-2.728960216E-1
2.072132971E0,1.359593272E0,-1.113269106E-1,-1.519482583E-1
2.081846669E0,1.437781692E0,-1.650814712E-1,-5.176930502E-2
2.091561096E0,1.480540991E0,-2.188360244E-1,2.519745007E-2
2.101274794E0,1.480540991E0,-2.970244884E-1,7.284353673E-2
2.110987606E0,1.452442050E0,-3.727695346E-1,8.383878320E-2
2.120701304E0,1.452442050E0,-4.631749392E-1,6.917845458E-2
2.130415783E0,1.502531528E0,-5.511369109E-1,7.773031294E-2
2.140129377E0,1.590493560E0,-6.134433746E-1,1.302631795E-1
2.149842294E0,1.705332875E0,-5.499152541E-1,1.925695986E-1
2.159555992E0,1.872704983E0,-5.034908652E-1,2.072299272E-1
2.169270419E0,1.981435776E0,-5.254813433E-1,1.620272398E-1
2.178984117E0,2.021751642E0,-5.657972693E-1,1.009425074E-1
2.188696929E0,2.044963837E0,-5.401417017E-1,1.664558798E-2
2.198410627E0,2.071841240E0,-3.605526090E-1,-8.231166750E-2
2.208125106E0,2.167133331E0,-1.919587553E-1,-2.264716178E-1
2.217838700E0,2.246543407E0,-1.834068894E-1,-2.948864996E-1
2.227551565E0,2.294189692E0,-2.005106062E-1,-2.838912606E-1
2.237265315E0,2.367491245E0,-1.834068894E-1,-3.547495604E-1
2.246979742E0,2.433462858E0,-2.615953386E-1,-3.547495604E-1
2.256693440E0,2.484773874E0,-3.520007432E-1,-4.109475017E-1
2.266406252E0,2.581287861E0,-3.923166394E-1,-6.406260729E-1
2.276119950E0,2.664363146E0,-3.715478480E-1,-8.519791961E-1
2.285834429E0,2.696127176E0,-3.898732662E-1,-8.922951221E-1
2.295548023E0,2.697348833E0,-4.472928941E-1,-8.128849864E-1
2.305260887E0,2.679023266E0,-4.998257756E-1,-6.125270724E-1
2.314974637E0,2.622825384E0,-4.717268050E-1,-4.158342779E-1
2.324689065E0,2.650924444E0,-4.020902216E-1,-4.170559645E-1
2.334402762E0,2.703457355E0,-4.326325655E-1,-4.928010404E-1
2.344115575E0,2.736443043E0,-4.411844313E-1,-6.784985662E-1
2.353829273E0,2.766985416E0,-4.643966258E-1,-9.032903910E-1
2.363543752E0,2.771872044E0,-4.680617154E-1,-9.875873327E-1
2.373257346E0,2.721782684E0,-4.485146105E-1,-8.495358229E-1
2.382970210E0,2.694905281E0,-3.849864900E-1,-6.320741773E-1
2.392683960E0,2.698570490E0,-3.067980409E-1,-4.341596961E-1
2.402398387E0,2.696127176E0,-2.689255178E-1,-3.058817685E-1
2.412112085E0,2.665584803E0,-3.422271907E-1,-2.692309320E-1
2.421824898E0,2.626490593E0,-4.057552814E-1,-4.268295169E-1
2.431538596E0,2.553188801E0,-4.924955964E-1,-6.076403260E-1
2.441253075E0,2.442014694E0,-5.523586273E-1,-8.128849864E-1
2.450966669E0,2.361382723E0,-6.207735538E-1,-9.839222431E-1
2.460679533E0,2.251430273E0,-6.134433746E-1,-1.031568289E0
2.470393283E0,2.153694630E0,-4.656183124E-1,-1.112200141E0
2.480107710E0,2.119487286E0,-3.691044450E-1,-1.183058381E0
2.489821408E0,2.129260778E0,-3.471139669E-1,-1.179393291E0
2.499534221E0,2.194010735E0,-4.008685052E-1,-1.082879424E0
2.509247919E0,2.277085781E0,-4.949389994E-1,-9.142856598E-1
2.518962398E0,2.286859512E0,-4.081986845E-1,-7.725690603E-1
2.528675992E0,2.218444586E0,-2.115058601E-1,-7.542436719E-1
2.538388856E0,2.102383614E0,-3.436015919E-2,-7.713474035E-1
2.548102606E0,1.953336835E0,1.085781008E-1,-7.212579250E-1
2.557817033E0,1.870261550E0,1.661504507E-1,-6.601731777E-1
2.567530731E0,1.893473744E0,2.064663768E-1,-5.770979524E-1
2.577243544E0,1.944784999E0,3.200839758E-1,-5.074613690E-1
2.586957242E0,1.991209388E0,4.459185004E-1,-4.928010404E-1
2.596671721E0,1.944784999E0,5.094466209E-1,-4.146125913E-1
2.606385315E0,1.729766726E0,5.448757410E-1,-2.435753495E-1
2.616098179E0,1.469545841E0,4.459185004E-1,-1.679830020E-3
2.625811929E0,1.237423778E0,4.019374847E-1,2.389939874E-1
2.635526356E0,1.130983710E0,4.581354558E-1,3.894151151E-1
2.645240054E0,1.134648800E0,5.656445622E-1,4.688252807E-1
2.654952867E0,1.165191174E0,6.536065936E-1,4.761554301E-1
2.664666565E0,1.187181592E0,7.965448499E-1,3.295520842E-1
2.674381044E0,1.145644069E0,9.565867782E-1,1.742441803E-1
2.684094637E0,1.014922738E0,1.033553600E0,9.605573118E-2
2.693807502E0,8.475505710E-1,1.022558331E0,7.284353673E-2
2.703521252E0,7.131641507E-1,9.101623893E-1,7.650861889E-2
2.713235679E0,6.484143734E-1,7.024743557E-1,5.696150661E-2
2.722949377E0,6.337540150E-1,4.019374847E-1,5.650337320E-3
2.732662190E0,6.093201637E-1,1.466033459E-1,-1.006370857E-1
2.742375887E0,5.164713860E-1,-1.725643501E-2,-1.934858710E-1
2.752090367E0,3.442124426E-1,-8.444963396E-2,-2.350234836E-1
2.761803960E0,1.340809762E-1,-1.003316641E-1,-2.130329758E-1
2.771516825E0,-3.695625812E-2,-1.308740228E-1,-1.617218107E-1
2.781230575E0,-1.542389393E-1,-1.919587553E-1,-1.079672500E-1
2.790945002E0,-2.495311052E-1,-2.188360244E-1,-4.688252881E-2
2.800658700E0,-3.106158376E-1,-2.359397560E-1,1.786728203E-2
2.810371512E0,-3.130592108E-1,-2.701472044E-1,6.673506647E-2
2.820085210E0,-2.568612695E-1,-3.019112647E-1,8.017370105E-2
2.829799690E0,-1.640124917E-1,-3.397837877E-1,6.673506647E-2
2.839513283E0,-6.505523622E-2,-3.520007432E-1,3.130592033E-2
2.849226200E0,9.162708884E-4,-2.848075330E-1,-7.788302377E-3
2.858939898E0,3.634541109E-2,-1.540862173E-1,-4.077405483E-2
2.868654325E0,3.145863488E-2,-3.817795310E-3,-5.299099907E-2
2.878368023E0,-1.527118147E-3,1.097997949E-1,-3.710897267E-2
2.888080835E0,-3.084778599E-2,1.954711229E-1,-1.511846948E-2
2.897794533E0,-4.672981426E-2,2.809897363E-1,5.650337320E-3
2.907509012E0,-6.016845629E-2,3.762819171E-1,4.596625641E-2
2.917222606E0,-8.704573661E-2,4.300364852E-1,9.239064902E-2
2.926935523E0,-1.188097894E-1,4.019374847E-1,1.302631795E-1
2.936649221E0,-1.603474021E-1,3.347443044E-1,1.217113137E-1
2.946363700E0,-2.079934925E-1,2.223484069E-1,9.849911928E-2
2.956077294E0,-2.678565085E-1,1.368297935E-1,6.551336497E-2
2.965790158E0,-3.289412558E-1,8.414421231E-2,3.374931216E-2
2.975503856E0,-3.802524209E-1,5.360184610E-2,1.542389300E-2
2.985218335E0,-4.486673176E-1,5.482354015E-2,2.519745007E-2
2.994931929E0,-5.231906772E-1,4.504998401E-2,5.573981255E-2
3.004644846E0,-5.940489769E-1,6.459710002E-2,5.696150661E-2
3.014358544E0,-6.661289334E-1,5.726693198E-2,4.352286831E-2
3.024073023E0,-7.223268747E-1,6.826218218E-2,6.872031838E-3
3.033786617E0,-7.736380696E-1,8.536590636E-2,-6.398624927E-2
3.043499481E0,-8.176190853E-1,-3.817795310E-3,-9.941539168E-2
3.053213231E0,-9.116895199E-1,-1.259872466E-1,-6.520794332E-2
3.062927658E0,-1.069288135E0,-2.334963679E-1,1.908897609E-2
3.072641356E0,-1.252542257E0,-3.507790267E-1,1.314848661E-1
3.082354169E0,-1.444348335E0,-4.631749392E-1,2.243336588E-1
3.092067867E0,-1.638597727E0,-5.438067913E-1,2.451024652E-1
3.101782346E0,-1.837733984E0,-5.535803437E-1,1.974563748E-1
3.111495940E0,-2.039313555E0,-4.375193417E-1,1.400367320E-1
3.121208804E0,-2.229897976E0,-2.322746664E-1,1.131594554E-1
3.130922554E0,-2.382609844E0,-5.390727147E-2,1.046075895E-1
3.140636981E0,-2.453468084E0,-5.146388337E-2,9.605573118E-2
3.150350575E0,-2.432699203E0,-2.750339806E-1,8.872556686E-2
3.160063492E0,-2.367949486E0,-6.219952106E-1,9.605573118E-2
3.169777190E0,-2.320303202E0,-9.640696645E-1,1.388150454E-1
3.179491669E0,-2.327633381E0,-1.188861489E0,2.011214644E-1
3.189205262E0,-2.389939785E0,-1.280488610E0,2.658712566E-1
3.198918127E0,-2.470571756E0,-1.246281147E0,3.356605768E-1
3.208631877E0,-2.530434847E0,-1.021489382E0,4.175141156E-1
3.218346304E0,-2.574415684E0,-5.596888065E-1,5.115845799E-1
3.228060002E0,-2.573194027E0,2.290677279E-3,5.763344169E-1
3.237772815E0,-2.479123592E0,4.129327536E-1,6.044333577E-1
3.247486512E0,-2.278765678E0,5.167768002E-1,5.897729993E-1
3.257200992E0,-2.110171795E0,3.994941115E-1,5.836645365E-1
3.266914585E0,-2.113837004E0,1.942494214E-1,6.691831946E-1
3.276627450E0,-2.253110170E0,-2.336490713E-2,8.707627654E-1
3.286341200E0,-2.385053158E0,-1.320957243E-1,1.173743010E0
3.296055627E0,-2.416817188E0,1.328592747E-2,1.486496806E0
3.305769325E0,-2.343515396E0,3.982724249E-1,1.653868914E0
3.315482137E0,-2.176143408E0,7.831062078E-1,1.550024867E0
3.325195835E0,-1.966011882E0,1.062874198E0,1.243379593E0
3.334910315E0,-1.867054701E0,1.222916245E0,9.000834227E-1
3.344623908E0,-1.918365836E0,1.269340634E0,6.142069101E-1
3.354336773E0,-2.062525749E0,1.271783948E0,3.979669809E-1
3.364050523E0,-2.212794304E0,1.220472813E0,2.855710983E-1
3.373764950E0,-2.325190067E0,1.095860004E0,2.953446507E-1
3.383478648E0,-2.385053158E0,1.007897973E0,3.869717419E-1
3.393191460E0,-2.338628769E0,1.016449809E0,5.372401476E-1
3.402905158E0,-2.196912050E0,1.042105436E0,7.229377031E-1
3.412619637E0,-2.062525749E0,1.031110168E0,8.854231238E-1
3.422333231E0,-1.977007151E0,9.895725846E-1,9.550597072E-1
3.432046096E0,-1.919587493E0,9.345963001E-1,9.135220647E-1
3.441759846E0,-1.864611268E0,7.623373866E-1,7.266027927E-1
3.451474273E0,-1.815743446E0,4.764608741E-1,4.333961308E-1
3.461187867E0,-1.793753028E0,2.785463631E-1,1.302631795E-1
3.470900783E0,-1.809635043E0,1.661504507E-1,-1.067455560E-1
3.480614481E0,-1.865832925E0,6.948387623E-2,-2.350234836E-1
3.490328908E0,-1.914700747E0,-2.825168520E-2,-2.545706034E-1
3.500042606E0,-1.912257314E0,-1.382041872E-1,-1.824906170E-1
3.509755419E0,-1.876828194E0,-1.211004704E-1,-5.421269313E-2
3.519469117E0,-1.842620730E0,5.604523420E-2,8.017370105E-2
3.529183596E0,-1.810856700E0,3.261924386E-1,2.035648525E-1
3.538897190E0,-1.738776684E0,6.340594292E-1,2.916795611E-1
3.548610054E0,-1.652036428E0,8.368607163E-1,3.258870244E-1
3.558323804E0,-1.593395114E0,8.625163436E-1,3.381039500E-1
3.568038231E0,-1.583621502E0,7.684458494E-1,3.637595475E-1
3.577751929E0,-1.579956412E0,6.560499668E-1,3.906368315E-1
3.587464742E0,-1.551857471E0,6.157340407E-1,4.162923992E-1
3.597178440E0,-1.511541486E0,5.827482939E-1,4.260659516E-1
3.606892867E0,-1.533532023E0,4.898995161E-1,4.016320705E-1
3.616606565E0,-1.581178188E0,3.261924386E-1,3.417690396E-1
3.626319377E0,-1.649592996E0,7.192726433E-2,2.757975459E-1
3.636033075E0,-1.733889937E0,-1.345391124E-1,2.353289127E-1
3.645747554E0,-1.752215385E0,-3.568875194E-1,2.108950168E-1
3.655461148E0,-1.760767221E0,-6.659762263E-1,1.852394342E-1
3.665174012E0,-1.774205923E0,-8.260182142E-1,1.779092699E-1
3.674887762E0,-1.699682474E0,-7.221741676E-1,1.998997629E-1
3.684602190E0,-1.549414039E0,-6.781931520E-1,2.475458533E-1
3.694315783E0,-1.417471051E0,-7.172874212E-1,3.295520842E-1
3.704028700E0,-1.325843930E0,-6.537593007E-1,4.370612204E-1
3.713742398E0,-1.250098944E0,-5.291464329E-1,4.785988331E-1
3.723456825E0,-1.170688748E0,-3.715478480E-1,4.272876680E-1
3.733170523E0,-1.105938911E0,-2.554868758E-1,3.393256664E-1
3.742883335E0,-1.076618314E0,-1.687465608E-1,2.426590770E-1
3.752597033E0,-1.037524104E0,-6.978929788E-2,1.534753740E-1
3.762311512E0,-9.764393568E-1,-7.711946964E-2,1.156028435E-1
3.772025106E0,-8.884773254E-1,-1.430909634E-1,1.265980899E-1
3.781737971E0,-7.980719209E-1,-1.724116355E-1,1.559187621E-1
3.791451669E0,-6.856760383E-1,-1.809635013E-1,1.766875684E-1
3.801166148E0,-6.123743653E-1,-1.479777545E-1,1.815743446E-1
3.810879742E0,-5.402944088E-1,-2.947338112E-2,1.620272398E-1
3.820592606E0,-4.731011987E-1,9.513945878E-2,1.229330078E-1
3.830306356E0,-4.596625566E-1,9.636115283E-2,7.895200700E-2
3.840020783E0,-4.266768098E-1,6.337540597E-2,3.206948051E-3
3.849734377E0,-3.521534503E-1,7.559234649E-2,-8.597674966E-2
3.859447294E0,-2.764083743E-1,3.038965166E-2,-1.617218107E-1
3.869160992E0,-1.823379099E-1,6.581879407E-2,-2.313583940E-1
3.878875419E0,-5.039490014E-2,1.281252056E-1,-3.107685447E-1
3.888589117E0,4.245388508E-2,1.918060333E-1,-3.914003670E-1
3.898301929E0,1.414111406E-1,2.528907657E-1,-4.720322192E-1
3.908015627E0,2.305948436E-1,2.553341687E-1,-5.257867575E-1
3.917730054E0,2.965663373E-1,2.602209449E-1,-5.477772951E-1
3.927443752E0,3.771981895E-1,2.687727809E-1,-5.648810267E-1
3.937156565E0,4.468347728E-1,2.846548259E-1,-5.893148780E-1
3.946870262E0,5.225798488E-1,2.748812735E-1,-6.100836992E-1
3.956584742E0,6.142069101E-1,2.687727809E-1,-6.284091473E-1
3.966298335E0,7.082774043E-1,3.066453338E-1,-6.406260729E-1
3.976011200E0,8.047912717E-1,3.298575282E-1,-6.577298045E-1
3.985724898E0,8.829796910E-1,3.640649617E-1,-6.736118197E-1
3.995439377E0,9.758284688E-1,3.481829464E-1,-6.821636558E-1
4.005152971E0,1.073564053E0,2.834331393E-1,-6.907155514E-1
4.014865835E0,1.138313890E0,1.624853760E-1,-6.907155514E-1
4.024579533E0,1.178629756E0,8.414421231E-2,-6.980457306E-1
4.034294012E0,1.227650285E0,9.620844387E-3,-7.041541934E-1
4.044007606E0,1.272853017E0,-2.214321308E-2,-6.956022978E-1
4.053720471E0,1.327829242E0,-4.657710344E-2,-6.675033569E-1
4.063434169E0,1.344932914E0,-2.092151903E-2,-6.235223413E-1
4.073148648E0,1.391357303E0,-1.374406274E-3,-5.832064152E-1
4.082862242E0,1.447555304E0,-6.245913357E-2,-5.294518471E-1
4.092575106E0,1.484206080E0,-1.223221645E-1,-4.512633979E-1
4.102288804E0,1.536738992E0,-1.369825006E-1,-3.706315756E-1
4.112003283E0,1.588050127E0,-1.540862173E-1,-2.997733057E-1
4.121716877E0,1.621035933E0,-2.347180545E-1,-2.423536479E-1
4.131429742E0,1.661351800E0,-2.823641598E-1,-1.995943487E-1
4.141143440E0,1.748092175E0,-3.532224298E-1,-1.800472289E-1
4.150857919E0,1.782299638E0,-4.033119082E-1,-2.057028115E-1
4.160571512E0,1.752978921E0,-4.558447599E-1,-2.826695740E-1
4.170284377E0,1.726101637E0,-5.132644176E-1,-3.926220834E-1
4.179998075E0,1.711441278E0,-5.633538961E-1,-5.001311898E-1
4.189712554E0,1.696780920E0,-4.827220440E-1,-5.673243999E-1
4.199426148E0,1.768860936E0,-3.141281903E-1,-5.294518471E-1
4.209139012E0,1.914242625E0,-1.553079188E-1,-3.828485310E-1
4.218852710E0,2.054737568E0,-5.879404768E-2,-1.983726472E-1
4.228567190E0,2.136590958E0,-2.580829710E-2,-3.710897267E-2
4.238280783E0,2.162246466E0,-1.374406274E-3,8.383878320E-2
4.247993648E0,2.223331213E0,-3.802524135E-2,1.656923145E-1
4.257707346E0,2.332062006E0,-2.041756958E-1,1.632489264E-1
4.267421825E0,2.401698828E0,-3.947600424E-1,9.116895497E-2
4.277135419E0,2.390703440E0,-4.143071473E-1,-7.788302377E-3
4.286848283E0,2.330840349E0,-2.970244884E-1,-1.324011385E-1
4.296561981E0,2.288081169E0,-1.870719790E-1,-2.606790662E-1
4.306276408E0,2.261203766E0,-7.101099193E-2,-3.303156495E-1
4.315990106E0,2.269755602E0,1.450762246E-2,-3.156553209E-1
4.325702919E0,2.327175379E0,-1.481304597E-2,-2.252499312E-1
4.335416617E0,2.416358948E0,-1.186570823E-1,-1.311794519E-1
4.345131044E0,2.505542755E0,-2.115058601E-1,-4.688252881E-2
4.354844742E0,2.598391533E0,-2.066190839E-1,-1.267508045E-2
4.364557554E0,2.687575340E0,-5.024218559E-2,-6.154286116E-2
4.374271252E0,2.704679012E0,1.527118087E-1,-1.629435122E-1
4.383985679E0,2.646037579E0,2.651077211E-1,-2.606790662E-1
4.393699273E0,2.592283010E0,3.310792148E-1,-3.620797098E-1
4.403412137E0,2.606943369E0,4.605788291E-1,-4.818057716E-1
4.413125887E0,2.642372608E0,6.218425035E-1,-5.184566379E-1
4.422840315E0,2.674136639E0,7.941014171E-1,-4.842491746E-1
4.432553908E0,2.650924444E0,8.686248064E-1,-4.549284875E-1
4.442266773E0,2.627712250E0,8.124268651E-1,-4.524851143E-1
4.451980471E0,2.603278399E0,5.265503526E-1,-4.842491746E-1
4.461694950E0,2.509207726E0,1.110214889E-1,-5.441122055E-1
4.471408544E0,2.363826275E0,-2.078407854E-1,-5.758762360E-1
4.481121408E0,2.272199154E0,-3.348970115E-1,-5.453338623E-1
4.490835106E0,2.270977497E0,-3.177932799E-1,-4.805840850E-1
4.500549585E0,2.247765303E0,-2.677038014E-1,-3.926220834E-1
4.510263179E0,2.153694630E0,-2.628170252E-1,-3.083251417E-1
4.519976044E0,2.037633657E0,-4.008685052E-1,-2.704526186E-1
4.529689742E0,1.892252088E0,-6.635328531E-1,-2.875563502E-1
4.539404169E0,1.718771458E0,-8.822161555E-1,-3.168770075E-1
4.549117762E0,1.597823739E0,-9.396358132E-1,-3.229855001E-1
4.558830627E0,1.534295559E0,-7.453863621E-1,-2.948864996E-1
4.568544325E0,1.504974961E0,-3.385621011E-1,-2.325800955E-1
4.578258804E0,1.537960649E0,9.269607067E-2,-1.250709742E-1
4.587972398E0,1.568503022E0,3.481829464E-1,-2.901524538E-3
4.597685262E0,1.534295559E0,3.836120665E-1,8.017370105E-2
4.607398960E0,1.409682751E0,2.382304370E-1,1.522536725E-1
4.617113387E0,1.242310643E0,2.428117767E-2,1.742441803E-1
4.626827085E0,1.121210098E0,-1.467560530E-1,1.168245375E-1
4.636539898E0,1.094332814E0,-1.895153672E-1,2.031067200E-2
4.646253596E0,1.108993173E0,-4.291202128E-2,-3.588727489E-2
4.655968023E0,1.123653531E0,2.186833173E-1,-5.787777901E-2
4.665681617E0,1.108993173E0,4.080459774E-1,-5.299099907E-2
4.675394481E0,1.050351858E0,4.459185004E-1,-4.077405483E-2
4.685108179E0,9.391776323E-1,4.227063060E-1,-5.787777901E-2
4.694822658E0,8.182299137E-1,3.506263196E-1,-7.253811508E-2
4.704536252E0,7.204943299E-1,2.724378705E-1,-6.765133142E-2
4.714249117E0,6.520794630E-1,2.480039895E-1,-5.665608495E-2
4.723962815E0,6.019899845E-1,2.406738251E-1,-5.176930502E-2
4.733677242E0,5.580089688E-1,2.370087355E-1,-5.909947306E-2
4.743390835E0,5.213581324E-1,2.235700935E-1,-9.086353332E-2
4.753103700E0,4.798205197E-1,2.137965411E-1,-1.226275861E-1
4.762817450E0,4.468347728E-1,1.991362125E-1,-1.409530044E-1
4.772531877E0,4.028537571E-1,1.844758689E-1,-1.311794519E-1
4.782245471E0,3.454341292E-1,1.832541823E-1,-9.941539168E-2
4.791958335E0,3.002314270E-1,1.649287641E-1,-4.566083103E-2
4.801672033E0,2.538070381E-1,1.918060333E-1,1.053711493E-2
4.811386460E0,2.098260373E-1,1.563768983E-1,2.153236605E-2
4.821100054E0,1.829487532E-1,6.093201414E-2,5.650337320E-3
4.830812919E0,1.181989461E-1,2.305948362E-2,5.650337320E-3
4.840526617E0,6.688777357E-2,2.428117767E-2,1.420219894E-2
4.850241096E0,4.611896724E-2,4.016320780E-2,1.053711493E-2
4.859954690E0,4.123219103E-2,5.238015205E-2,7.635590737E-4
4.869667554E0,1.924168877E-2,3.771981969E-2,-1.145338640E-2
4.879381252E0,-2.718270384E-2,7.177455351E-3,-7.788302377E-3
4.889095679E0,-8.338065445E-2,-6.261184346E-3,1.985253533E-3
4.898809273E0,-1.114796251E-1,-6.261184346E-3,1.908897609E-2
4.908522137E0,-1.236965731E-1,-3.817795310E-3,3.863608837E-2
4.918235835E0,-1.530172378E-1,-7.482878864E-3,5.329642445E-2
4.927950315E0,-1.884463727E-1,-1.114796288E-2,5.940489471E-2
4.937663908E0,-2.153236568E-1,-2.825168520E-2,4.840964451E-2
4.947376773E0,-2.238755226E-1,-4.657710344E-2,2.764083818E-2
4.957090471E0,-2.275405973E-1,-2.702999115E-2,6.872031838E-3
4.966804898E0,-2.385358512E-1,2.794626169E-2,-1.679830020E-3
4.976518492E0,-2.629697323E-1,6.459710002E-2,2.275406010E-2
4.986231356E0,-3.155026138E-1,5.726693198E-2,6.551336497E-2
4.995945054E0,-3.900259733E-1,-3.817795310E-3,1.021642014E-1
5.005659533E0,-4.718795121E-1,-8.444963396E-2,1.204896197E-1
5.015373127E0,-5.598415136E-1,-1.748550236E-1,1.204896197E-1
5.025085940E0,-6.465818286E-1,-2.762556672E-1,9.239064902E-2
5.034799690E0,-7.223268747E-1,-3.800997138E-1,4.230117425E-2
5.044514117E0,-8.017370105E-1,-4.558447599E-1,7.635590737E-4
5.054227710E0,-8.848122358E-1,-4.912739098E-1,-9.009997360E-3
5.063940575E0,-9.776610136E-1,-4.692834020E-1,2.031067200E-2
5.073654273E0,-1.119377613E0,-4.033119082E-1,8.628217876E-2
5.083368700E0,-1.346612811E0,-3.373403847E-1,1.852394342E-1
5.093082294E0,-1.626380801E0,-3.190149665E-1,2.929012477E-1
5.102795158E0,-1.876828194E0,-3.898732662E-1,3.698680103E-1
5.112508856E0,-2.049087048E0,-5.230379701E-1,3.539859951E-1
5.122223283E0,-2.102841616E0,-7.026270628E-1,2.451024652E-1
5.131936877E0,-2.060082436E0,-7.319477201E-1,8.139539510E-2
5.141649742E0,-2.000219345E0,-5.267030597E-1,-4.199574888E-2
5.151363492E0,-2.005106211E0,-2.029540092E-1,-5.909947306E-2
5.161077919E0,-2.129719019E0,5.482354015E-2,6.306997687E-2
5.170791512E0,-2.350845575E0,1.490467340E-1,3.051182032E-1
5.180504377E0,-2.551203489E0,1.036913246E-1,6.007682681E-1
5.190218075E0,-2.652604103E0,-4.291202128E-2,8.536590338E-1
5.199932502E0,-2.644052267E0,-2.640387416E-1,9.550597072E-1
5.209646096E0,-2.546316862E0,-3.874298632E-1,9.000834227E-1
5.219358960E0,-2.403378487E0,-2.860292196E-1,7.608102560E-1
5.229072658E0,-2.234784603E0,-5.390727147E-2,6.215370893E-1
5.238787085E0,-2.077186108E0,1.171299592E-1,5.201364160E-1
5.248500679E0,-1.946464777E0,1.747023165E-1,4.663818777E-1
5.258213544E0,-1.871941447E0,2.504473627E-1,4.529432356E-1
5.267927242E0,-1.892710209E0,3.884988427E-1,4.944808483E-1
5.277641669E0,-1.979450583E0,4.349232614E-1,5.897729993E-1
5.287355262E0,-2.088181257E0,4.178195298E-1,6.862868667E-1
5.297068127E0,-2.189582109E0,5.632011890E-1,7.058340311E-1
5.306781825E0,-2.236006498E0,7.598940134E-1,6.581879258E-1
5.316496304E0,-2.261662006E0,7.867712975E-1,6.313106418E-1
5.326209898E0,-2.273878813E0,6.963658929E-1,5.983248949E-1
5.335922710E0,-2.271435499E0,6.303943992E-1,5.311316848E-1
5.345636408E0,-2.287317514E0,5.351021886E-1,4.688252807E-1
5.355350887E0,-2.301977873E0,4.190412164E-1,4.297310412E-1
5.365064481E0,-2.293426037E0,4.618005157E-1,3.918585181E-1
5.374777294E0,-2.228676319E0,5.497625470E-1,3.454341292E-1
5.384491044E0,-2.133383989E0,5.595360994E-1,3.258870244E-1
5.394205471E0,-2.082072973E0,5.717530251E-1,3.283303976E-1
5.403919065E0,-2.068634272E0,5.705313683E-1,3.368822634E-1
5.413631929E0,-2.058860779E0,5.949652195E-1,3.405473530E-1
5.423345627E0,-2.031983376E0,6.658235192E-1,3.148917556E-1
5.433060054E0,-2.012436390E0,7.379034758E-1,2.609844804E-1
5.442773648E0,-1.969676971E0,6.474980712E-1,1.962346882E-1
5.452486512E0,-1.991667509E0,5.387672782E-1,1.693574041E-1
5.462200210E0,-1.996554255E0,5.192201734E-1,2.035648525E-1
5.471914637E0,-1.890266895E0,5.057815313E-1,2.536543310E-1
5.481628231E0,-1.729003191E0,5.118899941E-1,2.880144715E-1
5.491341096E0,-1.648371339E0,6.047387719E-1,3.026748300E-1
5.501054794E0,-1.709456086E0,7.647807598E-1,3.100049794E-1
5.510769221E0,-1.799861431E0,8.258655071E-1,3.112266660E-1
5.520482815E0,-1.832847238E0,7.660024762E-1,2.573194206E-1
5.530195679E0,-1.827960372E0,5.974085927E-1,1.265980899E-1
5.539909377E0,-1.857281089E0,3.628432751E-1,-2.855710872E-2
5.549623804E0,-1.870719671E0,2.480039895E-1,-1.275143623E-1
5.559337398E0,-1.810856700E0,3.286358118E-1,-1.592784226E-1
5.569050262E0,-1.686243892E0,4.312581718E-1,-1.311794519E-1
5.578763960E0,-1.605612040E0,3.237490356E-1,-5.299099907E-2
5.588478387E0,-1.589730024E0,1.450762246E-2,6.062658876E-2
5.598191981E0,-1.564074397E0,-1.846285909E-1,1.974563748E-1
5.607904846E0,-1.521315098E0,-2.909159958E-1,3.381039500E-1
5.617618544E0,-1.565296054E0,-3.910949528E-1,4.065188468E-1
5.627332971E0,-1.665475011E0,-4.546230733E-1,4.236225784E-1
5.637046565E0,-1.769319057E0,-4.607315361E-1,4.272876680E-1
5.646759429E0,-1.834068894E0,-4.289674759E-1,4.785988331E-1
5.656473127E0,-1.843842506E0,-3.312319219E-1,5.812211633E-1
5.666187554E0,-1.759545565E0,-1.858502775E-1,7.143858671E-1
5.675901148E0,-1.683800459E0,-2.200577259E-1,8.255600929E-1
5.685614012E0,-1.654479742E0,-5.816792846E-1,8.292251825E-1
5.695327710E0,-1.645927906E0,-1.047144890E0,7.143858671E-1
5.705042137E0,-1.595838428E0,-1.358677030E0,5.543438792E-1
5.714755731E0,-1.505433083E0,-1.418540001E0,4.236225784E-1
5.724468596E0,-1.421136141E0,-1.235285878E0,3.576510847E-1
5.734182294E0,-1.314848781E0,-9.628480077E-1,3.429907262E-1
5.743896721E0,-1.231773496E0,-7.685985565E-1,3.295520842E-1
5.753610315E0,-1.142589808E0,-5.120427012E-1,2.585411072E-1
5.763323179E0,-1.069288135E0,-4.191939235E-1,1.925695986E-1
5.773036877E0,-9.788827300E-1,-2.921377122E-1,9.605573118E-2
5.782751304E0,-8.982508779E-1,-2.628170252E-1,5.329642445E-2
5.792464898E0,-7.724163532E-1,-2.163926363E-1,2.153236605E-2
5.802177710E0,-6.563553810E-1,-1.895153672E-1,-2.855710872E-2
5.811891408E0,-5.659499764E-1,-1.333174109E-1,-7.986827940E-2
5.821605835E0,-4.853181541E-1,-8.078455180E-2,-1.336228400E-1
5.831319429E0,-4.132381678E-1,-2.214321308E-2,-1.763821393E-1
5.841032294E0,-3.399364948E-1,5.238015205E-2,-2.118112892E-1
5.850745992E0,-2.605263591E-1,1.085781008E-1,-2.606790662E-1
5.860460419E0,-1.994416267E-1,1.710372269E-1,-3.083251417E-1
5.870174012E0,-1.078145429E-1,2.589992285E-1,-3.486410677E-1
5.879886877E0,5.803049076E-3,2.956500649E-1,-3.926220834E-1
5.889600575E0,1.401894391E-1,3.017585576E-1,-4.451549351E-1
5.899315002E0,2.733541429E-1,2.602209449E-1,-4.879142344E-1
5.909028596E0,3.503209054E-1,2.480039895E-1,-5.135698318E-1
5.918741460E0,4.321744442E-1,2.589992285E-1,-5.233433843E-1
5.928455158E0,5.176930428E-1,3.042019308E-1,-5.196782947E-1
5.938169585E0,6.068767309E-1,3.139754832E-1,-5.086830258E-1
5.947883179E0,6.667397618E-1,2.895416021E-1,-4.989095032E-1
5.957596044E0,7.375980616E-1,2.553341687E-1,-4.891359508E-1
5.967309742E0,8.426637650E-1,1.588202864E-1,-5.111264586E-1
5.977024169E0,9.232956171E-1,5.115845799E-2,-5.551074743E-1
5.986737762E0,1.003927469E0,-2.214321308E-2,-5.868715048E-1
5.996450627E0,1.057682037E0,-5.024218559E-2,-6.271874309E-1
6.006164325E0,1.088224411E0,-3.436015919E-2,-6.809419990E-1
6.015878752E0,1.105328083E0,-7.482878864E-3,-7.224795818E-1
6.025592346E0,1.117545009E0,7.681404054E-2,-7.456917763E-1
6.035305158E0,1.173743010E0,1.232384369E-1,-7.725690603E-1
6.045018856E0,1.228871942E0,1.000262350E-1,-7.896727920E-1
6.054733283E0,1.278961420E0,7.559234649E-2,-7.847860456E-1
6.064446877E0,1.304617047E0,9.758284688E-2,-7.322531343E-1
6.074159742E0,1.338824511E0,1.429382563E-1,-6.467345357E-1
6.083873440E0,1.379140377E0,1.024696305E-1,-5.502206683E-1
6.093587867E0,1.390135646E0,8.170082420E-2,-4.268295169E-1
6.103301460E0,1.406017661E0,1.024696305E-1,-2.899997234E-1
6.113014325E0,1.442668557E0,3.771981969E-2,-2.069245130E-1
6.122728023E0,1.457328796E0,-1.174353883E-1,-1.800472289E-1
6.132442450E0,1.467102408E0,-3.019112647E-1,-2.044811249E-1
6.142156044E0,1.496423125E0,-4.216373265E-1,-2.655658424E-1
6.151868856E0,1.513526797E0,-4.631749392E-1,-3.315373361E-1
6.161582554E0,1.542847514E0,-4.753918648E-1,-3.571929336E-1
6.171296981E0,1.586828470E0,-4.961606860E-1,-3.413109183E-1
6.181010575E0,1.641804695E0,-4.937172830E-1,-3.156553209E-1
6.190723440E0,1.704111099E0,-4.399627447E-1,-2.826695740E-1
6.200437137E0,1.757865667E0,-4.387410581E-1,-2.215848416E-1
6.210151565E0,1.816506982E0,-4.692834020E-1,-1.690519750E-1
6.219865158E0,1.888586998E0,-4.424061179E-1,-1.385096163E-1
6.229578023E0,1.991209388E0,-3.996468186E-1,-1.165191159E-1
6.239291721E0,2.123152256E0,-4.448495209E-1,-1.067455560E-1
6.249006148E0,2.176906824E0,-4.521796703E-1,-1.140757278E-1
6.258719742E0,2.170798540E0,-3.703261614E-1,-1.030804738E-1
6.268432554E0,2.167133331E0,-3.177932799E-1,-1.267508045E-2
6.278146252E0,2.183015347E0,-2.554868758E-1,1.449235082E-1
6.287860679E0,2.213557720E0,-1.394258887E-1,2.819060087E-1
6.297574273E0,2.261203766E0,-1.527118147E-4,2.990097404E-1
6.307287137E0,2.330840349E0,1.490467340E-1,2.475458533E-1
6.317000835E0,2.424911022E0,2.956500649E-1,1.986780763E-1
6.326715262E0,2.481108904E0,3.726168275E-1,1.082726792E-1
6.336428856E0,2.455453157E0,3.127537966E-1,-5.176930502E-2
6.346141721E0,2.409028769E0,1.649287641E-1,-2.435753495E-1
6.355855315E0,2.409028769E0,3.405473381E-2,-4.097257853E-1
6.365569794E0,2.435906172E0,-4.535540938E-2,-4.854708612E-1
6.375283387E0,2.466448545E0,-1.308740228E-1,-4.280512035E-1
6.384996252E0,2.448123217E0,-1.944021434E-1,-3.266505599E-1
6.394709950E0,2.374821424E0,-2.615953386E-1,-2.838912606E-1
6.404424377E0,2.300297976E0,-3.458922505E-1,-3.571929336E-1
6.414137971E0,2.228218079E0,-3.886515796E-1,-5.551074743E-1
6.423850835E0,2.152472973E0,-4.045335948E-1,-7.640172243E-1
6.433564533E0,2.150029659E0,-3.605526090E-1,-8.287670016E-1
6.443278908E0,2.225774765E0,-2.738122940E-1,-7.908945084E-1
6.452992502E0,2.289302826E0,-2.066190839E-1,-7.518002391E-1
6.462705367E0,2.299076319E0,-2.286095917E-1,-7.689039707E-1
6.472419065E0,2.314958334E0,-2.396048307E-1,-8.703046441E-1
6.482133492E0,2.365047932E0,-1.223221645E-1,-1.013242841E0
6.491847085E0,2.476222038E0,3.527642787E-2,-1.053558826E0
6.501559950E0,2.617938757E0,1.844758689E-1,-9.607100487E-1
6.511273648E0,2.690018654E0,2.431172132E-1,-7.737907767E-1
6.520988075E0,2.649702787E0,1.893626451E-1,-5.551074743E-1
6.530701617E0,2.520203114E0,2.672456764E-2,-3.730749488E-1
6.540414481E0,2.354052544E0,-2.127275616E-1,-3.144336343E-1
6.550128179E0,2.209892750E0,-3.959817290E-1,-3.449759781E-1
6.559842606E0,2.103605270E0,-4.485146105E-1,-3.791834414E-1
6.569556200E0,2.051072359E0,-3.813214004E-1,-4.378247857E-1
6.579269065E0,2.053515673E0,-2.835858464E-1,-5.221216679E-1
6.588982658E0,2.113378763E0,-2.664821148E-1,-6.113054156E-1
6.598697137E0,2.175685167E0,-2.628170252E-1,-6.748335361E-1
6.608410731E0,2.205005884E0,-2.102841735E-1,-6.650599241E-1
6.618123596E0,2.191567183E0,-2.396048307E-1,-5.990884304E-1
6.627837294E0,2.107270241E0,-3.336753249E-1,-5.013529062E-1
6.637551721E0,1.961888671E0,-4.020902216E-1,-3.559712470E-1
6.647265315E0,1.789629698E0,-3.849864900E-1,-1.641651988E-1
6.656978127E0,1.644248128E0,-3.019112647E-1,2.764083818E-2
6.666691825E0,1.524522066E0,-1.736333370E-1,1.608055383E-1
6.676406252E0,1.446333647E0,-3.924693540E-2,2.035648525E-1
6.686119846E0,1.419456363E0,7.314895838E-2,1.693574041E-1
6.695832710E0,1.408461094E0,1.979145110E-1,1.046075895E-1
6.705546408E0,1.364480019E0,3.445178568E-1,3.497100621E-2
6.715260835E0,1.282626510E0,4.837910235E-1,-3.466558084E-2
6.724974377E0,1.201994658E0,5.986303091E-1,-9.697200358E-2
6.734687242E0,1.110214949E0,7.098045349E-1,-1.531699449E-1
6.744400940E0,9.880454540E-1,8.002098799E-1,-1.898207814E-1
6.754115367E0,8.499939442E-1,8.099834919E-1,-2.032594234E-1
6.763828960E0,6.691831946E-1,7.379034758E-1,-1.861557066E-1
6.773541773E0,4.517215490E-1,5.326588154E-1,-1.409530044E-1
6.783255471E0,2.318165302E-1,2.284568697E-1,-9.086353332E-2
6.792969898E0,3.145863488E-2,-5.635065958E-2,-4.810422286E-2
6.802683492E0,-1.151447073E-1,-2.420482337E-1,-2.733541466E-2
6.812396356E0,-2.018850148E-1,-2.774773538E-1,-3.466558084E-2
6.822110054E0,-2.360924631E-1,-2.347180545E-1,-5.176930502E-2
6.831824481E0,-2.250972092E-1,-1.565296054E-1,-7.131642103E-2
6.841538075E0,-2.263189107E-1,-7.589777559E-2,-7.253811508E-2
6.851250887E0,-2.409792393E-1,-1.847812906E-2,-6.642963737E-2
6.860964585E0,-2.397575527E-1,3.894151375E-2,-5.054761097E-2
6.870679012E0,-2.275405973E-1,1.466033459E-1,-2.367033064E-2
6.880392606E0,-2.116585821E-1,2.785463631E-1,3.206948051E-3
6.890105471E0,-1.872246861E-1,3.738385141E-1,1.908897609E-2
6.899819065E0,-1.530172378E-1,4.605788291E-1,1.908897609E-2
6.909533544E0,-1.114796251E-1,5.412106514E-1,-4.581354442E-4
6.919247137E0,-7.849387079E-2,5.766398311E-1,-2.244863659E-2
6.928960002E0,-7.971556485E-2,5.485408306E-1,-3.710897267E-2
6.938673700E0,-1.322484314E-1,4.691306949E-1,-4.077405483E-2
6.948388127E0,-2.128802687E-1,3.579564989E-1,-3.100049868E-2
6.958101669E0,-2.764083743E-1,3.042019308E-1,-3.833066672E-2
6.967814533E0,-3.179459870E-1,3.017585576E-1,-6.032116711E-2
6.977528231E0,-3.472666740E-1,2.907632887E-1,-7.986827940E-2
6.987242658E0,-3.900259733E-1,2.492256761E-1,-8.964183182E-2
6.996956252E0,-4.718795121E-1,1.624853760E-1,-7.253811508E-2
7.006669065E0,-5.745018721E-1,-3.817795310E-3,-4.321744293E-2
7.016382762E0,-6.881194115E-1,-2.261662036E-1,-9.009997360E-3
7.026097190E0,-8.322793841E-1,-4.375193417E-1,1.786728203E-2
7.035810783E0,-9.776610136E-1,-6.085565686E-1,3.741439432E-2
7.045523596E0,-1.102273822E0,-7.466080785E-1,4.718795046E-2
7.055237294E0,-1.197566032E0,-9.042066336E-1,3.374931216E-2
7.064951721E0,-1.254985690E0,-1.078908920E0,6.872031838E-3
7.074665315E0,-1.312405348E0,-1.144880533E0,-2.901524538E-3
7.084378179E0,-1.410140872E0,-1.047144890E0,2.397575416E-2
7.094091773E0,-1.529866934E0,-9.347490072E-1,6.184828654E-2
7.103806252E0,-1.611720443E0,-8.980981708E-1,7.773031294E-2
7.113519846E0,-1.637376070E0,-9.115368128E-1,9.849911928E-2
7.123232710E0,-1.638597727E0,-9.127585292E-1,9.483403713E-2
7.132946408E0,-1.605612040E0,-8.223531246E-1,4.718795046E-2
7.142660835E0,-1.553079128E0,-6.329904795E-1,-1.267508045E-2
7.152374377E0,-1.518871665E0,-3.813214004E-1,-2.244863659E-2
7.162087242E0,-1.523758531E0,-1.174353883E-1,2.519745007E-2
7.171800940E0,-1.566517830E0,5.971032009E-2,1.070509851E-1
7.181515367E0,-1.627602577E0,5.848862603E-2,1.742441803E-1
7.191228908E0,-1.648371339E0,-2.322746664E-1,1.693574041E-1
7.200941773E0,-1.641041160E0,-7.185090780E-1,9.605573118E-2
7.210655471E0,-1.661809921E0,-1.072800517E0,2.397575416E-2
7.220369898E0,-1.761988878E0,-1.142437100E0,-1.679830020E-3
7.230083492E0,-1.936691284E0,-1.072800517E0,3.619270027E-2
7.239796304E0,-2.194468737E0,-8.919897079E-1,1.449235082E-1
7.249510002E0,-2.366727591E0,-6.708629727E-1,3.063398898E-1
7.259224429E0,-2.308086395E0,-5.425850749E-1,4.798205197E-1
7.268938023E0,-2.101619959E0,-4.534013867E-1,5.983248949E-1
7.278650835E0,-1.923252583E0,-4.314108789E-1,6.215370893E-1
7.288364533E0,-1.849950910E0,-5.047125220E-1,5.848862529E-1
7.298078960E0,-1.884158373E0,-6.928535104E-1,5.201364160E-1
7.307792554E0,-2.035648584E0,-9.042066336E-1,4.908157587E-1
7.317505419E0,-2.183473587E0,-9.176452756E-1,5.225798488E-1
7.327219012E0,-2.154152870E0,-7.404996157E-1,5.958815217E-1
7.336933492E0,-2.006327868E0,-4.582881629E-1,6.960604787E-1
7.346647085E0,-1.893931985E0,-1.357607991E-1,8.084563613E-1
7.356359950E0,-1.871941447E0,1.612636745E-1,9.306257963E-1
7.366073544E0,-1.911035657E0,4.605788291E-1,9.892671108E-1
7.375788023E0,-2.011214495E0,7.831062078E-1,9.379559755E-1
7.385501617E0,-2.150487661E0,9.443698525E-1,8.426637650E-1
7.395214481E0,-2.399713516E0,8.185353279E-1,7.644753456E-1
7.404928075E0,-2.530434847E0,4.727957845E-1,7.449282408E-1
7.414642554E0,-2.427812338E0,2.516690791E-1,8.084563613E-1
7.424356148E0,-2.253110170E0,3.726168275E-1,9.721634388E-1
7.434069012E0,-2.071077585E0,6.548282504E-1,1.154195905E0
7.443782606E0,-1.986780763E0,8.551861644E-1,1.165191174E0
7.453497085E0,-1.952573299E0,8.759549856E-1,1.013701081E0
7.463210679E0,-1.906148911E0,8.845068216E-1,8.512156606E-1
7.472923544E0,-1.858502746E0,9.016105533E-1,7.864658237E-1
7.482637137E0,-1.823073626E0,9.028322697E-1,8.170081973E-1
7.492351617E0,-1.785201073E0,8.955020905E-1,9.538379908E-1
7.502065210E0,-1.715564489E0,9.956810474E-1,1.156639338E0
7.511778075E0,-1.612942219E0,1.169161677E0,1.333784938E0
7.521491669E0,-1.537197113E0,1.211920977E0,1.365549088E0
7.531206148E0,-1.551857471E0,1.076312900E0,1.265370131E0
7.540919742E0,-1.617828965E0,9.211576581E-1,1.117545009E0
7.550632606E0,-1.554300904E0,6.988092661E-1,9.611681700E-1
7.560346200E0,-1.444348335E0,5.118899941E-1,8.292251825E-1
7.570060679E0,-1.333174109E0,3.799470067E-1,7.314895988E-1
7.579774273E0,-1.274532795E0,2.333436459E-1,6.777350307E-1
7.589487137E0,-1.243990421E0,1.624853760E-1,6.361974478E-1
7.599200731E0,-1.206117868E0,2.296785712E-1,5.738909841E-1
7.608915210E0,-1.211004734E0,3.457395434E-1,5.299099684E-1
7.618628804E0,-1.302631736E0,2.968717813E-1,5.066977739E-1
7.628341669E0,-1.424801230E0,2.504473627E-1,4.859289825E-1
7.638055262E0,-1.463895440E0,2.614426315E-1,4.785988331E-1
7.647769742E0,-1.441904902E0,2.809897363E-1,5.103628635E-1
7.657483335E0,-1.415027618E0,3.188622594E-1,5.861079693E-1
7.667196200E0,-1.446791768E0,2.516690791E-1,6.386408210E-1
7.676909794E0,-1.474890709E0,7.559234649E-2,5.909947157E-1
7.686624273E0,-1.445569992E0,-1.748550236E-1,4.370612204E-1
7.696337867E0,-1.413805962E0,-2.750339806E-1,2.929012477E-1
7.706050731E0,-1.344169378E0,-2.970244884E-1,2.170034945E-1
7.715764325E0,-1.314848781E0,-3.752129376E-1,2.084516287E-1
7.725478804E0,-1.341725945E0,-4.631749392E-1,2.451024652E-1
7.735192398E0,-1.338060975E0,-4.753918648E-1,3.014531136E-1
7.744905210E0,-1.297744989E0,-4.546230733E-1,3.576510847E-1
7.754618908E0,-1.259872437E0,-4.497362971E-1,4.114056230E-1
7.764333335E0,-1.243990421E0,-5.389199853E-1,4.016320705E-1
7.774046929E0,-1.217113137E0,-5.731274486E-1,3.234436214E-1
7.783759742E0,-1.186570764E0,-5.963396430E-1,2.733541429E-1
7.793473440E0,-1.134037971E0,-5.120427012E-1,2.145601064E-1
7.803187867E0,-1.147476554E0,-4.033119082E-1,1.901262105E-1
7.812901460E0,-1.131594539E0,-3.177932799E-1,1.534753740E-1
7.822614273E0,-1.079061627E0,-2.823641598E-1,6.917845458E-2
7.832327971E0,-1.041189194E0,-3.666610718E-1,1.786728203E-2
7.842042398E0,-9.935430884E-1,-3.788780272E-1,-2.367033064E-2
7.851755992E0,-9.251281619E-1,-3.886515796E-1,-1.128540337E-1
7.861468804E0,-8.640434742E-1,-3.923166394E-1,-1.617218107E-1
7.871182502E0,-7.773031592E-1,-2.652604282E-1,-2.069245130E-1
7.880896929E0,-7.064448595E-1,-2.090624720E-1,-2.069245130E-1
7.890610523E0,-6.282563806E-1,-1.259872466E-1,-2.826695740E-1
7.900323335E0,-5.854970813E-1,-1.589729935E-1,-2.643441558E-1
7.910037033E0,-5.183038712E-1,-1.394258887E-1,-2.765611112E-1
7.919751460E0,-4.621059597E-1,-1.174353883E-1,-2.838912606E-1
7.929465054E0,-3.753656447E-1,-3.924693540E-2,-2.790044844E-1
7.939177867E0,-2.788517773E-1,1.695101149E-2,-2.777827978E-1
7.948891565E0,-1.860029846E-1,4.749337584E-2,-2.557922900E-1
7.958605992E0,-9.437590092E-2,9.513945878E-2,-2.472404242E-1
7.968319533E0,3.359660041E-3,1.514901221E-1,-2.435753495E-1
7.978032398E0,8.521319181E-2,2.052446753E-1,-2.496838123E-1
7.987746096E0,1.609582454E-1,2.199050188E-1,-2.643441558E-1
7.997460471E0,2.513636351E-1,2.260134816E-1,-2.753393948E-1
8.007174065E0,3.381039500E-1,2.333436459E-1,-2.863346636E-1
8.016886929E0,4.175141156E-1,2.577775419E-1,-2.961082160E-1
8.026600523E0,5.030327439E-1,2.492256761E-1,-2.997733057E-1
8.036315002E0,5.836645365E-1,2.589992285E-1,-2.899997234E-1
8.046028596E0,6.777350307E-1,2.541124523E-1,-2.826695740E-1
8.055741460E0,7.669187188E-1,2.431172132E-1,-2.924431264E-1
8.065455054E0,8.402203918E-1,2.345653474E-1,-3.119902313E-1
8.075169533E0,9.037485123E-1,2.101314515E-1,-3.339807391E-1
8.084883127E0,9.611681700E-1,1.722589284E-1,-3.571929336E-1
8.094595940E0,1.022252917E0,1.293469071E-1,-3.779617548E-1
8.104309637E0,1.090667725E0,1.256818175E-1,-3.877353072E-1
8.114024065E0,1.181073189E0,1.392731816E-1,-3.901786804E-1
8.123737658E0,1.254527569E0,1.441599578E-1,-3.938437700E-1
8.133450471E0,1.318055630E0,1.600419879E-1,-4.023956358E-1
8.143164169E0,1.375475287E0,1.942494214E-1,-4.170559645E-1
8.152878596E0,1.391357303E0,2.345653474E-1,-4.231644273E-1
8.162592190E0,1.424343109E0,2.822114229E-1,-4.427115619E-1
8.172305002E0,1.458550572E0,2.455606014E-1,-4.671454430E-1
8.182018700E0,1.459772229E0,2.089097649E-1,-5.074613690E-1
8.191733075E0,1.481762767E0,1.514901221E-1,-5.807630420E-1
8.201446669E0,1.496423125E0,3.512371797E-3,-6.381826997E-1
8.211159533E0,1.508640051E0,-1.968455315E-1,-6.210789680E-1
8.220873127E0,1.537960649E0,-3.691044450E-1,-5.502206683E-1
8.230587606E0,1.574611545E0,-4.998257756E-1,-5.196782947E-1
8.240301200E0,1.629587770E0,-5.511369109E-1,-5.477772951E-1
8.250014012E0,1.715106368E0,-5.645755529E-1,-6.064186096E-1
8.259727710E0,1.767639279E0,-5.743491650E-1,-6.736118197E-1
8.269442137E0,1.809176922E0,-6.342121959E-1,-7.163711190E-1
8.279155731E0,1.828724027E0,-6.806365848E-1,-7.200362086E-1
8.288868544E0,1.853157878E0,-5.780141950E-1,-6.846070886E-1
8.298582242E0,1.902025700E0,-4.607315361E-1,-6.223006248E-1
8.308296669E0,1.920351028E0,-3.825430870E-1,-5.685460567E-1
8.318010210E0,1.933789730E0,-2.701472044E-1,-5.563291311E-1
8.327723075E0,1.975327373E0,-1.394258887E-1,-5.648810267E-1
8.337436773E0,2.035190344E0,-6.734590977E-2,-5.709894896E-1
8.347151148E0,2.090166569E0,-2.336490713E-2,-5.270084739E-1
8.356864742E0,2.135369301E0,3.512371797E-3,-4.268295169E-1
8.366577554E0,2.170798540E0,-9.926267900E-3,-3.474193811E-1
8.376291252E0,2.156138182E0,-7.711946964E-2,-3.437542915E-1
8.386005679E0,2.119487286E0,-1.357607991E-1,-3.901786804E-1
8.395719273E0,2.123152256E0,-1.198787764E-1,-4.500417113E-1
8.405432085E0,2.146364450E0,-6.123743951E-2,-4.427115619E-1
8.415145783E0,2.147586346E0,-8.704573847E-3,-3.510844707E-1
8.424860210E0,2.158581495E0,5.115845799E-2,-2.728960216E-1
8.434573752E0,2.183015347E0,1.049130186E-1,-2.790044844E-1
8.444286617E0,2.219666243E0,8.903098851E-2,-3.791834414E-1
8.454000210E0,2.311293364E0,2.550287358E-2,-5.233433843E-1
8.463714690E0,2.427354336E0,-7.101099193E-2,-6.406260729E-1
8.473428283E0,2.510429621E0,-1.308740228E-1,-7.017107606E-1
8.483141096E0,2.523868084E0,-1.064401343E-1,-6.858287454E-1
8.492854794E0,2.454231501E0,-6.490252167E-2,-5.758762360E-1
8.502569221E0,2.365047932E0,-4.779879749E-2,-4.060607255E-1
8.512282815E0,2.335727215E0,-8.704573847E-3,-2.728960216E-1
8.521995627E0,2.368712902E0,7.437065244E-2,-2.215848416E-1
8.531709325E0,2.453009844E0,2.040229887E-1,-2.765611112E-1
8.541423700E0,2.597169876E0,3.750602305E-1,-4.072824121E-1
8.551137294E0,2.802414417E0,4.898995161E-1,-5.783196688E-1
8.560850158E0,2.986890316E0,4.972296655E-1,-7.689039707E-1
8.570563752E0,3.099286318E0,4.239279926E-1,-9.350544214E-1
8.580278231E0,3.106616497E0,3.029802442E-1,-1.027903199E0
8.589991825E0,3.003994226E0,1.146865711E-1,-1.057223916E0
8.599704637E0,2.850060701E0,-1.247655526E-1,-1.085322857E0
8.609418335E0,2.666806459E0,-3.678827584E-1,-1.183058381E0
8.619132762E0,2.483552217E0,-4.912739098E-1,-1.327218413E0
8.628846356E0,2.355274200E0,-5.132644176E-1,-1.465269804E0
8.638559169E0,2.259982109E0,-5.719057322E-1,-1.554453611E0
8.648272762E0,2.163468361E0,-6.146650314E-1,-1.537349820E0
8.657987242E0,2.076727867E0,-6.073349118E-1,-1.442057610E0
8.667700835E0,2.005869627E0,-6.525375843E-1,-1.267355323E0
8.677413648E0,1.917907715E0,-7.026270628E-1,-9.998042583E-1
8.687127346E0,1.817728758E0,-7.380561829E-1,-6.894938350E-1
8.696841773E0,1.724879980E0,-7.600467205E-1,-4.207210541E-1
8.706555315E0,1.634474516E0,-7.649334669E-1,-2.081461996E-1
8.716268179E0,1.490314603E0,-8.443436027E-1,-1.145338640E-2
8.725981877E0,1.313168883E0,-9.762866497E-1,1.693574041E-1
8.735696252E0,1.200773001E0,-1.047144890E0,2.965663373E-1
8.745409846E0,1.174964666E0,-1.037371397E0,4.016320705E-1
8.755122710E0,1.226428628E0,-8.260182142E-1,4.468347728E-1
8.764836304E0,1.304617047E0,-3.006895781E-1,4.162923992E-1
8.774550783E0,1.321720719E0,4.556920528E-1,3.038965166E-1
8.784264377E0,1.258192658E0,1.155722976E0,5.573981255E-2
8.793977190E0,1.082115889E0,1.540556788E0,-1.971509457E-1
8.803690887E0,8.597674966E-1,1.546665311E0,-4.341596961E-1
8.813405262E0,6.557445526E-1,1.205812454E0,-5.587725043E-1
8.823118856E0,4.419479966E-1,6.633801460E-1,-5.025745630E-1
8.832831721E0,2.367033064E-1,1.808107942E-1,-3.400892019E-1
8.842545315E0,8.399149776E-2,-1.638597846E-1,-1.617218107E-1
8.852259794E0,-1.130067464E-2,-3.813214004E-1,-7.788302377E-3
8.861973387E0,-7.360709459E-2,-4.851654470E-1,1.278197914E-1
8.871686200E0,-1.041494608E-1,-5.181511641E-1,2.194468826E-1
8.881399898E0,-1.261399537E-1,-5.193728805E-1,2.843494117E-1
8.891114273E0,-1.517955512E-1,-4.534013867E-1,3.100049794E-1
8.900827867E0,-1.640124917E-1,-3.324536085E-1,2.953446507E-1
8.910540731E0,-1.542389393E-1,-1.589729935E-1,2.451024652E-1
8.920254325E0,-1.298050433E-1,5.971032009E-2,1.669140160E-1
8.929968804E0,-8.826743066E-2,2.638860047E-1,6.306997687E-2
8.939682398E0,-3.573456407E-2,4.239279926E-1,-3.588727489E-2
8.949395210E0,1.557660475E-2,5.363239050E-1,-1.226275861E-1
8.959108908E0,7.421794534E-2,6.157340407E-1,-1.873773932E-1
8.968823283E0,1.267508119E-1,6.609367132E-1,-2.191414535E-1
8.978536877E0,1.438545287E-1,6.462764144E-1,-2.154763639E-1
8.988249742E0,1.145338640E-1,5.766398311E-1,-1.776038408E-1
8.997963335E0,6.077930331E-2,4.837910235E-1,-1.226275861E-1
9.007677815E0,1.557660475E-2,4.007157981E-1,-6.520794332E-2
9.017391356E0,-7.635590620E-3,3.530697227E-1,-1.145338640E-2
9.027104221E0,-1.496575773E-2,3.139754832E-1,2.764083818E-2
9.036817815E0,-2.107422985E-2,2.712161839E-1,5.329642445E-2
9.046532294E0,-2.718270384E-2,2.418955117E-1,7.284353673E-2
9.056245887E0,-4.062134400E-2,2.467822880E-1,9.361234307E-2
9.065958700E0,-6.994201243E-2,2.773246467E-1,1.046075895E-1
9.075672398E0,-1.163664013E-1,3.115321100E-1,9.605573118E-2
9.085386825E0,-1.652341783E-1,3.359659910E-1,6.917845458E-2
9.095100367E0,-2.153236568E-1,3.518480062E-1,3.619270027E-2
9.104813231E0,-2.605263591E-1,3.542914093E-1,1.985253533E-3
9.114526825E0,-3.057290614E-1,3.384093940E-1,-2.733541466E-2
9.124241304E0,-3.558185399E-1,3.139754832E-1,-5.421269313E-2
9.133954898E0,-3.997995257E-1,2.785463631E-1,-8.353336155E-2
9.143667710E0,-4.511106908E-1,2.602209449E-1,-9.697200358E-2
9.153381408E0,-5.097520351E-1,2.492256761E-1,-8.964183182E-2
9.163095835E0,-5.793886185E-1,2.052446753E-1,-6.398624927E-2
9.172809377E0,-6.575770974E-1,1.220167428E-1,-3.344388679E-2
9.182522242E0,-7.492041588E-1,2.061609551E-2,-5.344913341E-3
9.192235835E0,-8.554915786E-1,-7.711946964E-2,1.298050396E-2
9.201950315E0,-9.532271624E-1,-1.577513069E-1,8.093725890E-3
9.211663908E0,-1.041189194E0,-2.005106062E-1,-1.634016447E-2
9.221376721E0,-1.120599270E0,-1.931804419E-1,-3.833066672E-2
9.231090419E0,-1.185349107E0,-1.626380831E-1,-4.566083103E-2
9.240804794E0,-1.219556570E0,-1.101052165E-1,-3.833066672E-2
9.250518387E0,-1.240325332E0,-6.123743951E-2,-3.344388679E-2
9.260231200E0,-1.262315869E0,-7.589777559E-2,-3.466558084E-2
9.269944898E0,-1.285528064E0,-1.565296054E-1,-3.710897267E-2
9.279659325E0,-1.356386304E0,-2.542651594E-1,7.635590737E-4
9.289372867E0,-1.510319829E0,-3.923166394E-1,9.849911928E-2
9.299085731E0,-1.735111594E0,-5.657972693E-1,2.463241518E-1
9.308799325E0,-2.040535212E0,-7.295043468E-1,4.150707126E-1
9.318513804E0,-2.386274815E0,-8.040276766E-1,5.702258945E-1
9.328227398E0,-2.696585178E0,-6.989619732E-1,7.033905983E-1
9.337940210E0,-2.931150675E0,-3.837648034E-1,7.913526297E-1
9.347653908E0,-3.083862305E0,1.527118087E-1,8.060129285E-1
9.357368283E0,-3.080197334E0,7.562289238E-1,6.899519563E-1
9.367081877E0,-2.877396107E0,9.138274789E-1,4.236225784E-1
9.376794690E0,-2.573194027E0,4.923428893E-1,1.437018216E-1
9.386508387E0,-2.365505934E0,5.238015205E-2,2.519745007E-2
9.396222815E0,-2.363062620E0,-1.565296054E-1,1.046075895E-1
9.405936356E0,-2.430255890E0,-2.835858464E-1,2.831276953E-1
9.415649221E0,-2.438807726E0,-3.080197275E-1,4.908157587E-1
9.425362815E0,-2.354510784E0,-1.003316641E-1,6.716265678E-1
9.435077294E0,-2.262883663E0,3.176405728E-1,7.828007340E-1
9.444790887E0,-2.205464125E0,7.586722970E-1,7.925743461E-1
9.454503700E0,-2.088181257E0,9.260444641E-1,6.679614782E-1
9.464217398E0,-1.887823462E0,7.220214605E-1,4.810422063E-1
9.473931773E0,-1.715564489E0,3.396310806E-1,3.552076817E-1
9.483645367E0,-1.694795728E0,-3.680354729E-2,3.319954872E-1
9.493358179E0,-1.851172566E0,-2.628170252E-1,3.955236077E-1
9.503071877E0,-2.118723631E0,-2.029540092E-1,5.054761171E-1
9.512786304E0,-2.358175755E0,6.215370819E-2,6.471926570E-1
9.522499846E0,-2.427812338E0,3.213056624E-1,8.304468393E-1
9.532212710E0,-2.342293739E0,5.094466209E-1,1.013701081E0
9.541926304E0,-2.220124245E0,5.717530251E-1,1.161526084E0
9.551640783E0,-2.149266005E0,5.583143830E-1,1.253153205E0
9.561354377E0,-2.093068123E0,5.693096519E-1,1.283695459E0
9.571067190E0,-2.045422077E0,6.487197876E-1,1.258039951E0
9.580780887E0,-2.024653196E0,8.258655071E-1,1.165191174E0
9.590495262E0,-1.973342061E0,1.004232883E0,9.953756332E-1
9.600208856E0,-1.827960372E0,9.859074950E-1,8.451071978E-1
9.609921669E0,-1.670361876E0,7.036960125E-1,7.241594195E-1
9.619635367E0,-1.604390383E0,3.347443044E-1,6.032116413E-1
9.629349794E0,-1.576291323E0,1.466033459E-1,4.798205197E-1
9.639063335E0,-1.545748949E0,1.685938388E-1,3.478775024E-1
9.648776200E0,-1.528645277E0,2.834331393E-1,2.243336588E-1
9.658489794E0,-1.532310367E0,3.359659910E-1,1.314848661E-1
9.668204273E0,-1.556744218E0,3.274141252E-1,5.818320066E-2
9.677917815E0,-1.571404576E0,2.345653474E-1,8.093725890E-3
9.687630679E0,-1.590951681E0,6.215370819E-2,1.908897609E-2
9.697344273E0,-1.611720443E0,-1.015533581E-1,5.329642445E-2
9.707058752E0,-1.590951681E0,-1.797417998E-1,1.107160673E-1
9.716772346E0,-1.531088710E0,-1.711899489E-1,1.669140160E-1
9.726485158E0,-1.474890709E0,-1.211004704E-1,1.950129867E-1
9.736198856E0,-1.441904902E0,-6.123743951E-2,2.011214644E-1
9.745913231E0,-1.434574842E0,-7.956285775E-2,2.072299272E-1
9.755626825E0,-1.435796499E0,-3.802524135E-2,2.451024652E-1
9.765339637E0,-1.405254126E0,-2.596100792E-3,3.014531136E-1
9.775053335E0,-1.406475782E0,-2.336490713E-2,3.539859951E-1
9.784767762E0,-1.437018156E0,-6.612421572E-2,3.613161445E-1
9.794481304E0,-1.448013425E0,-1.772984117E-1,3.381039500E-1
9.804194169E0,-1.490772724E0,-2.982461751E-1,3.356605768E-1
9.813907762E0,-1.516428351E0,-4.216373265E-1,3.442124426E-1
9.823622242E0,-1.500546336E0,-5.804576278E-1,3.662029207E-1
9.833335783E0,-1.501767993E0,-8.125795722E-1,3.930802047E-1
9.843048648E0,-1.579956412E0,-1.032484531E0,4.285093546E-1
9.852762242E0,-1.655701518E0,-1.082574010E0,4.920374751E-1
9.862476721E0,-1.586064935E0,-1.186418056E0,5.653391480E-1
9.872190315E0,-1.498102903E0,-1.187639832E0,5.934380889E-1
9.881903127E0,-1.434574842E0,-1.043479800E0,5.702258945E-1
9.891616721E0,-1.396702290E0,-9.982771277E-1,4.883723855E-1
9.901331200E0,-1.416249394E0,-9.665130973E-1,4.065188468E-1
9.911044794E0,-1.407697558E0,-8.895463347E-1,3.662029207E-1
9.920757606E0,-1.373490095E0,-7.747070193E-1,3.613161445E-1
9.930471304E0,-1.308740258E0,-6.207735538E-1,3.930802047E-1
9.940185731E0,-1.203674555E0,-5.853443742E-1,4.395045936E-1
9.949899273E0,-1.140146375E0,-4.937172830E-1,4.187358022E-1
9.959612085E0,-1.082726717E0,-4.106420577E-1,3.283303976E-1
9.969325783E0,-9.862129092E-1,-3.923166394E-1,2.353289127E-1
9.979040210E0,-9.153546095E-1,-2.554868758E-1,1.693574041E-1
9.988753752E0,-8.506048322E-1,-1.614163816E-1,1.730224788E-1
9.998466617E0,-7.614210844E-1,-8.933641016E-2,2.011214644E-1
1.000818021E1,-6.478035450E-1,-2.947338112E-2,2.084516287E-1
1.001789469E1,-5.537330508E-1,-5.039489828E-3,2.047865391E-1
1.002760823E1,-4.963133931E-1,1.206423342E-2,1.827960461E-1
1.003732110E1,-4.071297050E-1,-2.947338112E-2,1.571404636E-1
1.004703469E1,-3.264978528E-1,-8.200624585E-2,1.375933439E-1
1.005674917E1,-2.458660156E-1,-8.444963396E-2,1.229330078E-1
1.006646276E1,-1.725643575E-1,-6.245913357E-2,1.204896197E-1
1.007617558E1,-9.926267713E-2,-5.635065958E-2,1.290414780E-1
1.008588917E1,-5.283828825E-2,-1.969982497E-2,1.143811494E-1
1.009560365E1,-6.413896102E-3,1.328592747E-2,5.207473040E-2
1.010531724E1,4.489727318E-2,5.482354015E-2,-2.977880463E-2
1.011503005E1,1.059819981E-1,8.658760041E-2,-1.189625040E-1
1.012474375E1,1.536280811E-1,1.073564067E-1,-1.947075576E-1
1.013445813E1,1.915006191E-1,1.429382563E-1,-2.655658424E-1
1.014417172E1,2.415900975E-1,1.539335102E-1,-3.437542915E-1
1.015388453E1,3.002314270E-1,1.612636745E-1,-4.170559645E-1
1.016359823E1,3.637595475E-1,1.637070626E-1,-4.915793240E-1
1.017331261E1,4.272876680E-1,1.869192570E-1,-5.612159371E-1
1.018302620E1,4.969242513E-1,2.309002578E-1,-6.186355352E-1
1.019273901E1,5.702258945E-1,3.151971996E-1,-6.528429985E-1
1.020245271E1,6.581879258E-1,3.884988427E-1,-6.699467301E-1
1.021216714E1,7.339329720E-1,3.811686933E-1,-6.626165509E-1
1.022188068E1,8.377770185E-1,2.443388999E-1,-6.332958937E-1
1.023159354E1,9.330691695E-1,1.429382563E-1,-6.149705052E-1
1.024130714E1,1.012479305E0,1.183516532E-1,-6.186355352E-1
1.025102162E1,1.078450799E0,1.661504507E-1,-6.259657145E-1
1.026073516E1,1.133427143E0,2.272351831E-1,-6.259657145E-1
1.027044802E1,1.163969398E0,2.773246467E-1,-6.076403260E-1
1.028016162E1,1.189625025E0,3.213056624E-1,-5.587725043E-1
1.028987610E1,1.250862479E0,3.567348123E-1,-4.866925478E-1
1.029958969E1,1.349819779E0,3.249707520E-1,-4.036173224E-1
1.030930250E1,1.434116602E0,2.492256761E-1,-3.461976945E-1
1.031901610E1,1.493979692E0,1.954711229E-1,-3.254288733E-1
1.032873058E1,1.522078633E0,2.052446753E-1,-3.413109183E-1
1.033844417E1,1.520856977E0,1.930277348E-1,-3.889569938E-1
1.034815698E1,1.504974961E0,1.918060333E-1,-4.475983381E-1
1.035787068E1,1.514748454E0,2.101314515E-1,-4.805840850E-1
1.036758505E1,1.595380306E0,1.269035190E-1,-4.903576374E-1
1.037729865E1,1.682120681E0,-1.052184403E-1,-4.940227270E-1
1.038701146E1,1.713884711E0,-2.518217862E-1,-4.891359508E-1
1.039672516E1,1.759087443E0,-1.980672181E-1,-4.952444136E-1
1.040643953E1,1.801846743E0,-9.544488788E-2,-5.196782947E-1
1.041615313E1,1.851936221E0,-6.490252167E-2,-5.392253995E-1
1.042586594E1,1.884921908E0,-9.177979827E-2,-5.037962794E-1
1.043557964E1,1.914242625E0,-4.657710344E-2,-4.329380095E-1
1.044529401E1,1.976549029E0,4.138490185E-2,-3.694098890E-1
1.045500761E1,2.043742180E0,1.024696305E-1,-3.413109183E-1
1.046472042E1,2.102383614E0,1.356080920E-1,-3.791834414E-1
1.047443412E1,2.142699480E0,1.293469071E-1,-4.744756222E-1
1.048414849E1,2.184237003E0,5.604523420E-2,-5.893148780E-1
1.049386208E1,2.240435123E0,-9.422318637E-2,-6.968240142E-1
1.050357490E1,2.307628155E0,-2.408265322E-1,-7.432484031E-1
1.051328860E1,2.343057394E0,-2.896943092E-1,-7.200362086E-1
1.052300297E1,2.335727215E0,-1.785201132E-1,-6.687250137E-1
1.053271657E1,2.316179991E0,3.283303976E-2,-6.284091473E-1
1.054242938E1,2.308849812E0,1.844758689E-1,-6.137487888E-1
1.055214308E1,2.308849812E0,2.296785712E-1,-6.394043565E-1
1.056185750E1,2.324732065E0,2.247917950E-1,-6.846070886E-1
1.057157104E1,2.343057394E0,1.869192570E-1,-7.298097610E-1
1.058128386E1,2.347944260E0,1.317902952E-1,-7.554653287E-1
1.059099755E1,2.344279051E0,7.559234649E-2,-7.591304183E-1
1.060071198E1,2.332062006E0,1.068982761E-3,-7.566870451E-1
1.061042552E1,2.280750990E0,-6.856760383E-2,-7.383615971E-1
1.062013834E1,2.213557720E0,-1.186570823E-1,-7.004891038E-1
1.062985203E1,2.181793690E0,-8.200624585E-2,-6.699467301E-1
1.063956646E1,2.185458899E0,8.536590636E-2,-6.540647149E-1
1.064928000E1,2.190345526E0,3.066453338E-1,-6.345176101E-1
1.065899282E1,2.131704330E0,4.825693369E-1,-5.954233408E-1
1.066870651E1,2.038855553E0,4.556920528E-1,-5.404471159E-1
1.067842094E1,1.986322522E0,2.052446753E-1,-5.233433843E-1
1.068813448E1,1.998539567E0,-1.113269106E-1,-5.807630420E-1
1.069784735E1,2.064511061E0,-3.324536085E-1,-6.552863717E-1
1.070756094E1,2.165911674E0,-3.520007432E-1,-6.980457306E-1
1.071727542E1,2.255095482E0,-1.895153672E-1,-7.285880446E-1
1.072698896E1,2.322288513E0,3.649812192E-2,-7.566870451E-1
1.073670182E1,2.374821424E0,2.260134816E-1,-7.823426127E-1
1.074641542E1,2.384594917E0,3.347443044E-1,-8.092198968E-1
1.075612990E1,2.352830887E0,3.933856487E-1,-8.092198968E-1
1.076584344E1,2.274642467E0,3.836120665E-1,-7.713474035E-1
1.077555630E1,2.147586346E0,3.286358118E-1,-7.127060294E-1
1.078526990E1,2.004647970E0,2.492256761E-1,-6.626165509E-1
1.079498438E1,1.884921908E0,1.551551968E-1,-6.271874309E-1
1.080469792E1,1.787186384E0,3.161134571E-2,-6.247440577E-1
1.081441078E1,1.701667786E0,-5.635065958E-2,-6.381826997E-1
1.082412438E1,1.652799964E0,-8.200624585E-2,-6.418477297E-1
1.083383886E1,1.599045396E0,-9.788827598E-2,-6.149705052E-1
1.084355240E1,1.509861708E0,-4.291202128E-2,-5.538857579E-1
1.085326526E1,1.436560035E0,1.343863904E-1,-4.720322192E-1
1.086297886E1,1.417012930E0,3.310792148E-1,-3.730749488E-1
1.087269334E1,1.408461094E0,4.972296655E-1,-2.814478874E-1
1.088240688E1,1.393800735E0,6.560499668E-1,-2.118112892E-1
1.089211974E1,1.365701795E0,7.855495811E-1,-1.592784226E-1
1.090183334E1,1.298508525E0,8.160919547E-1,-1.091889441E-1
1.091154782E1,1.185959935E0,7.623373866E-1,-4.932591692E-2
1.092126136E1,1.029583097E0,6.853706241E-1,3.497100621E-2
1.093097422E1,8.573241234E-1,6.316160560E-1,1.192679256E-1
1.094068782E1,7.168292403E-1,6.487197876E-1,1.779092699E-1
1.095040229E1,6.374191046E-1,7.207997441E-1,2.011214644E-1
1.096011584E1,6.154286265E-1,8.331956863E-1,1.852394342E-1
1.096982870E1,6.447492838E-1,9.761339426E-1,1.400367320E-1
1.097954229E1,6.471926570E-1,1.277892470E0,9.727742523E-2
1.098925677E1,7.217160463E-1,1.389066696E0,2.275406010E-2
1.099897032E1,8.683193922E-1,1.266897202E0,-9.941539168E-2
1.100868318E1,9.159654379E-1,1.130067468E0,-1.885990947E-1
1.101839677E1,8.634325862E-1,9.761339426E-1,-2.093679011E-1
1.102811125E1,7.534800768E-1,8.099834919E-1,-1.812689304E-1
1.103782479E1,5.983248949E-1,6.474980712E-1,-1.262926757E-1
1.104753766E1,4.248442650E-1,4.129327536E-1,-6.276455522E-2
1.105725125E1,2.745758295E-1,8.536590636E-2,-4.123218823E-3
1.106696573E1,1.646233350E-1,-2.554868758E-1,4.963133857E-2
1.107667927E1,1.072036922E-1,-5.499152541E-1,8.994726092E-2
1.108639214E1,8.276980370E-2,-7.478297353E-1,1.058292910E-1
1.109610573E1,4.123219103E-2,-8.174663186E-1,1.094943732E-1
1.110582021E1,-2.840439789E-2,-7.624900937E-1,9.972081333E-2
1.111553375E1,-1.151447073E-1,-6.342121959E-1,8.139539510E-2
1.112524657E1,-1.969982386E-1,-4.668400288E-1,5.329642445E-2
1.113496026E1,-2.446443290E-1,-2.628170252E-1,1.664558798E-2
1.114467464E1,-2.519744933E-1,-7.467607409E-2,-1.878355257E-2
1.115438823E1,-2.202104330E-1,7.803573459E-2,-5.909947306E-2
1.116410104E1,-1.652341783E-1,2.272351831E-1,-8.964183182E-2
1.117381474E1,-8.704573661E-2,3.432961702E-1,-9.941539168E-2
1.118352912E1,-1.618745178E-2,4.202629030E-1,-8.842013776E-2
1.119324271E1,2.535016090E-2,4.630222321E-1,-6.398624927E-2
1.120295552E1,3.634541109E-2,4.337015450E-1,-3.588727489E-2
1.121266922E1,-5.192201585E-3,3.445178568E-1,-2.901524538E-3
1.122238360E1,-8.338065445E-2,2.235700935E-1,2.886253223E-2
1.123209719E1,-1.750077456E-1,1.073564067E-1,5.696150661E-2
1.124181000E1,-2.641914487E-1,7.177455351E-3,7.650861889E-2
1.125152370E1,-3.521534503E-1,-7.101099193E-2,8.383878320E-2
1.126123808E1,-4.376720488E-1,-1.443126649E-1,7.040014863E-2
1.127095167E1,-5.073086619E-1,-2.396048307E-1,3.741439432E-2
1.128066448E1,-5.525113344E-1,-3.422271907E-1,-6.566607859E-3
1.129037818E1,-5.928272605E-1,-4.546230733E-1,-4.199574888E-2
1.130009255E1,-6.404733658E-1,-5.816792846E-1,-6.154286116E-2
1.130980615E1,-6.881194115E-1,-7.062921524E-1,-6.765133142E-2
1.131951896E1,-7.565343380E-1,-7.942541242E-1,-5.665608495E-2
1.132923255E1,-8.383878469E-1,-8.138012886E-1,-2.611372061E-2
1.133894703E1,-9.116895199E-1,-7.942541242E-1,1.786728203E-2
1.134866058E1,-9.764393568E-1,-7.673768401E-1,5.940489471E-2
1.135837344E1,-1.054627776E0,-7.404996157E-1,8.017370105E-2
1.136808703E1,-1.149919987E0,-6.745280623E-1,8.017370105E-2
1.137780151E1,-1.246433854E0,-5.413633585E-1,5.329642445E-2
1.138751505E1,-1.336839199E0,-3.715478480E-1,-6.566607859E-3
1.139722792E1,-1.438239813E0,-1.797417998E-1,-8.353336155E-2
1.140694151E1,-1.529866934E0,-2.596100792E-3,-1.653869003E-1
1.141665599E1,-1.638597727E0,8.170082420E-2,-2.276933193E-1
1.142636953E1,-1.870719671E0,1.073564067E-1,-2.496838123E-1
1.143608240E1,-2.214015961E0,1.478250325E-1,-2.228065431E-1
1.144579599E1,-2.452246428E0,2.015796006E-1,-1.409530044E-1
1.145551047E1,-2.470571756E0,2.406738251E-1,-2.901524538E-3
1.146522401E1,-2.345958948E0,2.052446753E-1,1.559187621E-1
1.147493688E1,-2.200577259E0,3.405473381E-2,3.014531136E-1
1.148465047E1,-2.118723631E0,-1.443126649E-1,4.321744442E-1
1.149436495E1,-2.073521137E0,-1.235438585E-1,5.311316848E-1
1.150407849E1,-1.984337330E0,1.110214889E-1,5.861079693E-1
1.151379130E1,-1.842620730E0,3.970507085E-1,5.677825212E-1
1.152350500E1,-1.732668281E0,5.302154422E-1,5.054761171E-1
1.153321938E1,-1.759545565E0,4.056025743E-1,4.663818777E-1
1.154293297E1,-1.939134598E0,1.012479365E-1,5.360184908E-1
1.155264578E1,-2.228676319E0,-1.113269106E-1,6.887302995E-1
1.156235948E1,-2.502335787E0,-4.169032723E-2,8.231166601E-1
1.157207386E1,-2.579302549E0,2.699944973E-1,8.609892130E-1
1.158178745E1,-2.411930323E0,6.646018028E-1,7.852441669E-1
1.159150026E1,-2.110171795E0,8.747332692E-1,5.995466113E-1
1.160121396E1,-1.871941447E0,8.099834919E-1,3.698680103E-1
1.161092834E1,-1.772984147E0,6.597150564E-1,1.583621502E-1
1.162064193E1,-1.803526521E0,4.446968138E-1,2.519745007E-2
1.163035474E1,-1.978228807E0,4.504998401E-2,1.908897609E-2
1.164006844E1,-2.200577259E0,-3.141281903E-1,1.412584335E-1
1.164978282E1,-2.383831501E0,-3.874298632E-1,3.038965166E-1
1.165949636E1,-2.496227264E0,-2.237228155E-1,4.614951015E-1
1.166920922E1,-2.512109280E0,-4.902049154E-2,5.812211633E-1
1.167892282E1,-2.474236727E0,-3.817795310E-3,6.325323582E-1
1.168863729E1,-2.458354712E0,-3.069507517E-2,6.019899845E-1
1.169835084E1,-2.495005608E0,-1.003316641E-1,5.604523420E-1
1.170806370E1,-2.503557444E0,-2.005106062E-1,5.152496696E-1
1.171777729E1,-2.429034233E0,-4.155288339E-1,4.480564594E-1
1.172749177E1,-2.370392799E0,-7.258392572E-1,3.771981895E-1
1.173720532E1,-2.338628769E0,-9.982771277E-1,3.356605768E-1
1.174691813E1,-2.290982723E0,-1.089904189E0,3.466558158E-1
1.175663183E1,-2.247001648E0,-9.555178285E-1,4.040754735E-1
1.176634625E1,-2.172478199E0,-7.246175408E-1,4.639385045E-1
1.177605979E1,-2.020988226E0,-5.157077909E-1,4.798205197E-1
1.178577261E1,-1.852394342E0,-4.228590131E-1,4.382829070E-1
1.179548630E1,-1.726559758E0,-4.094203711E-1,3.881934285E-1
1.180520068E1,-1.671583533E0,-4.265241027E-1,3.527642787E-1
1.181491427E1,-1.689908981E0,-4.692834020E-1,3.674246371E-1
1.182462709E1,-1.715564489E0,-5.242596865E-1,4.419479966E-1
1.183434078E1,-1.686243892E0,-4.362976551E-1,5.616740584E-1
1.184405516E1,-1.590951681E0,-1.882936656E-1,7.241594195E-1
1.185376875E1,-1.534753680E0,1.281252056E-1,8.951966763E-1
1.186348156E1,-1.545748949E0,4.275930822E-1,1.006370902E0
1.187319516E1,-1.565296054E0,5.766398311E-1,1.067455530E0
1.188290964E1,-1.595838428E0,6.487197876E-1,1.088224411E0
1.189262318E1,-1.641041160E0,5.204418898E-1,1.024696231E0
1.190233604E1,-1.710677743E0,2.394521236E-1,8.683193922E-1
1.191204964E1,-1.739998460E0,-1.847812906E-2,6.826218367E-1
1.192176412E1,-1.749771953E0,-2.835858464E-1,5.726693273E-1
1.193147766E1,-1.705790997E0,-2.628170252E-1,5.262449384E-1
1.194119052E1,-1.595838428E0,-4.779879749E-2,4.651601911E-1
1.195090412E1,-1.573848009E0,-9.300149232E-2,4.077405334E-1
1.196061860E1,-1.617828965E0,-4.558447599E-1,3.588727713E-1
1.197033214E1,-1.699682474E0,-8.260182142E-1,3.246653080E-1
1.198004495E1,-1.744885206E0,-9.298622608E-1,2.806843221E-1
1.198975865E1,-1.758323789E0,-1.004385591E0,2.770192325E-1
1.199947302E1,-1.753437042E0,-1.001942158E0,3.185568452E-1
1.200918662E1,-1.661809921E0,-9.188669920E-1,3.955236077E-1
1.201889943E1,-1.581178188E0,-8.003626466E-1,4.773771465E-1
1.202861313E1,-1.562852740E0,-6.268820167E-1,5.274665952E-1
1.203832750E1,-1.567739487E0,-5.474718809E-1,5.592306852E-1
1.204804110E1,-1.494437814E0,-4.472928941E-1,5.470137000E-1
1.205775391E1,-1.417471051E0,-3.141281903E-1,4.932591617E-1
1.206746750E1,-1.388150454E0,-3.006895781E-1,4.370612204E-1
1.207718198E1,-1.314848781E0,-1.846285909E-1,3.038965166E-1
1.208689552E1,-1.229330063E0,-1.589729935E-1,1.730224788E-1
1.209660839E1,-1.145033240E0,-2.212794125E-1,1.180462316E-1
1.210632198E1,-1.027750492E0,-2.078407854E-1,7.162184268E-2
1.211603646E1,-9.141329527E-1,-1.504211426E-1,7.635590737E-4
1.212575000E1,-8.310576677E-1,-1.137702987E-1,-9.941539168E-2
1.213546287E1,-7.406523228E-1,-1.223221645E-1,-1.482831687E-1
1.214517646E1,-6.978929639E-1,-7.467607409E-2,-1.934858710E-1
1.215489089E1,-6.233696342E-1,-3.802524135E-2,-1.751604527E-1
1.216460448E1,-5.341859460E-1,4.138490185E-2,-1.568350345E-1
1.217431729E1,-4.498890042E-1,1.380514801E-1,-1.177408099E-1
1.218403099E1,-3.106158376E-1,1.624853760E-1,-8.231166750E-2
1.219374537E1,-1.982199401E-1,1.759240031E-1,-8.597674966E-2
1.220345896E1,-9.559759498E-2,2.015796006E-1,-1.177408099E-1
1.221317177E1,-3.970507067E-3,1.905843467E-1,-1.666085869E-1
1.222288537E1,6.200099736E-2,1.832541823E-1,-2.105895877E-1
1.223259985E1,1.499630064E-1,1.710372269E-1,-2.362451702E-1
1.224231344E1,2.122694254E-1,1.844758689E-1,-2.472404242E-1
1.225202625E1,2.904578745E-1,2.162399292E-1,-2.582356930E-1
1.226173985E1,3.784198761E-1,2.602209449E-1,-2.826695740E-1
1.227145432E1,4.749337435E-1,2.785463631E-1,-3.205420971E-1
1.228116787E1,5.628957748E-1,3.347443044E-1,-3.584146202E-1
1.229088073E1,6.655181050E-1,4.153761268E-1,-4.036173224E-1
1.230059432E1,7.339329720E-1,5.216635466E-1,-4.451549351E-1
1.231030880E1,7.962393761E-1,5.803049207E-1,-4.830274582E-1
1.232002235E1,8.646543026E-1,5.509842038E-1,-5.111264586E-1
1.232973516E1,9.281824231E-1,4.556920528E-1,-5.184566379E-1
1.233944886E1,1.003927469E0,3.127537966E-1,-5.404471159E-1
1.234916328E1,1.085780978E0,1.049130186E-1,-6.088619828E-1
1.235887683E1,1.133427143E0,-3.191677108E-2,-7.041541934E-1
1.236858964E1,1.156639338E0,-2.947338112E-2,-8.031114340E-1
1.237830334E1,1.203216434E0,2.183778957E-2,-8.666395545E-1
1.238801771E1,1.244753957E0,1.159082651E-1,-8.947384953E-1
1.239773130E1,1.250862479E0,2.321219593E-1,-9.020686746E-1
1.240744412E1,1.266744494E0,3.323009014E-1,-8.751913905E-1
1.241715782E1,1.310725451E0,3.188622594E-1,-8.153283596E-1
1.242687219E1,1.365701795E0,2.492256761E-1,-7.334748507E-1
1.243658578E1,1.431673288E0,1.110214889E-1,-6.418477297E-1
1.244629860E1,1.441446781E0,5.955760833E-3,-5.551074743E-1
1.245601219E1,1.381583810E0,-2.092151903E-2,-4.928010404E-1
1.246572667E1,1.373031974E0,-8.933641016E-2,-4.708105326E-1
1.247544021E1,1.410904408E0,-1.516428292E-1,-4.634803534E-1
1.248515308E1,1.426786542E0,-1.980672181E-1,-4.549284875E-1
1.249486667E1,1.443890214E0,-2.786990702E-1,-4.598152637E-1
1.250458115E1,1.424343109E0,-3.617742956E-1,-4.390464723E-1
1.251429469E1,1.414569497E0,-4.094203711E-1,-4.182776511E-1
1.252400750E1,1.470767498E0,-4.008685052E-1,-4.023956358E-1
1.253372120E1,1.528187156E0,-3.483356535E-1,-3.657447994E-1
1.254343558E1,1.601488829E0,-3.141281903E-1,-3.254288733E-1
1.255314917E1,1.685785770E0,-3.923166394E-1,-2.802261710E-1
1.256286198E1,1.733431816E0,-4.692834020E-1,-1.898207814E-1
1.257257568E1,1.777412772E0,-4.106420577E-1,-7.131642103E-2
1.258229005E1,1.793294787E0,-2.347180545E-1,-1.679830020E-3
1.259200365E1,1.789629698E0,-1.357607991E-1,2.397575416E-2
1.260171646E1,1.801846743E0,-7.589777559E-2,5.650337320E-3
1.261143016E1,1.861709714E0,-1.359135192E-2,-7.864658535E-2
1.262114453E1,1.883700252E0,8.399149403E-3,-1.849340051E-1
1.263085813E1,1.960667014E0,5.115845799E-2,-3.034383655E-1
1.264057094E1,2.118265629E0,1.122431830E-1,-4.329380095E-1
1.265028453E1,2.252651930E0,9.636115283E-2,-5.001311898E-1
1.265999901E1,2.302741528E0,7.925742865E-2,-4.585935771E-1
1.266971261E1,2.300297976E0,1.220167428E-1,-3.767400384E-1
1.267942542E1,2.300297976E0,2.333436459E-1,-3.156553209E-1
1.268913901E1,2.327175379E0,2.944283783E-1,-2.997733057E-1
1.269885349E1,2.368712902E0,3.494046330E-1,-3.339807391E-1
1.270856703E1,2.378486633E0,4.312581718E-1,-4.182776511E-1
1.271827990E1,2.345500708E0,4.947862923E-1,-5.441122055E-1
1.272799349E1,2.281972647E0,5.741963983E-1,-6.491779089E-1
1.273770797E1,2.211114407E0,6.206207871E-1,-6.748335361E-1
1.274742151E1,2.179350376E0,6.303943992E-1,-6.247440577E-1
1.275713438E1,2.208671093E0,5.754181147E-1,-5.025745630E-1
1.276684797E1,2.233104944E0,4.581354558E-1,-3.645231128E-1
1.277656245E1,2.211114407E0,3.591781855E-1,-2.802261710E-1
1.278627599E1,2.197675705E0,3.445178568E-1,-2.790044844E-1
1.279598886E1,2.239213228E0,4.129327536E-1,-3.559712470E-1
1.280570245E1,2.316179991E0,4.789042473E-1,-4.683671296E-1
1.281541693E1,2.373599768E0,4.825693369E-1,-5.661026835E-1
1.282513047E1,2.373599768E0,4.556920528E-1,-6.345176101E-1
1.283484334E1,2.327175379E0,4.202629030E-1,-6.577298045E-1
1.284455693E1,2.223331213E0,4.080459774E-1,-6.540647149E-1
1.285427141E1,2.099940062E0,4.202629030E-1,-6.345176101E-1
1.286398495E1,2.024195194E0,4.251496792E-1,-5.978667736E-1
1.287369782E1,1.998539567E0,4.117110670E-1,-5.636593103E-1
1.288341141E1,2.040077209E0,3.946073353E-1,-5.477772951E-1
1.289312589E1,2.131704330E0,3.579564989E-1,-5.648810267E-1
1.290283943E1,2.179350376E0,3.054236174E-1,-5.978667736E-1
1.291255229E1,2.156138182E0,2.186833173E-1,-6.552863717E-1
1.292226589E1,2.098718405E0,1.305686086E-1,-6.943806410E-1
1.293198037E1,2.009534836E0,3.649812192E-2,-6.748335361E-1
1.294169391E1,1.897138834E0,-1.969982497E-2,-6.210789680E-1
1.295140677E1,1.809176922E0,-5.146388337E-2,-5.526640415E-1
1.296112037E1,1.722436547E0,-9.422318637E-2,-4.989095032E-1
1.297083485E1,1.635696292E0,-1.113269106E-1,-4.732539058E-1
1.298054839E1,1.600267053E0,-5.757235363E-2,-4.708105326E-1
1.299026125E1,1.630809426E0,2.183778957E-2,-4.866925478E-1
1.299997485E1,1.693115830E0,1.036913246E-1,-5.160132051E-1
1.300968932E1,1.734653473E0,1.563768983E-1,-5.416688323E-1
1.301940287E1,1.772526026E0,1.097997949E-1,-5.770979524E-1
1.302911573E1,1.784742951E0,-4.657710344E-2,-5.856497884E-1
1.303882932E1,1.730988383E0,-2.139492482E-1,-5.575508475E-1
1.304854380E1,1.619814277E0,-3.410054743E-1,-5.025745630E-1
1.305825735E1,1.474432588E0,-3.825430870E-1,-3.950654566E-1
1.306797021E1,1.324164152E0,-3.300102353E-1,-2.533488870E-1
1.307768380E1,1.196955204E0,-2.408265322E-1,-1.043021679E-1
1.308739828E1,1.106549859E0,-1.430909634E-1,1.786728203E-2
1.309711182E1,1.025918007E0,-5.635065958E-2,1.033858955E-1
1.310682469E1,9.501729012E-1,7.803573459E-2,1.644706279E-1
1.311653828E1,8.951966763E-1,2.809897363E-1,2.108950168E-1
1.312625276E1,8.524373770E-1,4.581354558E-1,2.218902707E-1
1.313596630E1,7.925743461E-1,5.729747415E-1,1.852394342E-1
1.314567917E1,7.143858671E-1,6.120689511E-1,1.033858955E-1
1.315539276E1,6.386408210E-1,6.279509664E-1,4.428642802E-3
1.316510724E1,5.909947157E-1,6.719319820E-1,-7.742489129E-2
1.317482078E1,5.665608048E-1,7.232431769E-1,-1.275143623E-1
1.318453365E1,5.347967744E-1,7.550072074E-1,-1.531699449E-1
1.319424724E1,4.785988331E-1,7.330167294E-1,-1.556133330E-1
1.320396172E1,3.991886973E-1,6.450546980E-1,-1.507265568E-1
1.321367526E1,3.210002482E-1,5.534276366E-1,-1.617218107E-1
1.322338813E1,2.831276953E-1,4.239279926E-1,-1.397313178E-1
1.323310172E1,2.819060087E-1,2.223484069E-1,-7.131642103E-2
1.324281620E1,2.843494117E-1,-7.345438004E-2,8.093725890E-3
1.325252974E1,2.684673667E-1,-4.656183124E-1,6.551336497E-2
1.326224261E1,1.963873953E-1,-7.881456614E-1,1.192679256E-1
1.327195620E1,8.521319181E-2,-9.506310225E-1,1.485885978E-1
1.328167068E1,6.200099736E-2,-1.159540772E0,8.750387281E-2
1.329138427E1,-1.252236869E-2,-1.175422788E0,4.596625641E-2
1.330109708E1,-1.163664013E-1,-1.038593054E0,1.664558798E-2
1.331081068E1,-1.969982386E-1,-8.370134830E-1,1.420219894E-2
1.332052516E1,-2.458660156E-1,-6.464291215E-1,5.818320066E-2
1.333023875E1,-2.666348219E-1,-5.095993280E-1,1.094943732E-1
1.333995157E1,-2.580829561E-1,-3.972034156E-1,1.412584335E-1
1.334966516E1,-2.238755226E-1,-2.628170252E-1,1.510319859E-1
1.335937964E1,-1.701209545E-1,-1.223221645E-1,1.473668963E-1
1.336909323E1,-1.053711548E-1,-8.704573847E-3,1.437018216E-1
1.337880604E1,-4.428642616E-2,7.070557028E-2,1.485885978E-1
1.338851974E1,-1.496575773E-2,1.392731816E-1,1.461452097E-1
1.339823412E1,-3.329117596E-2,2.113531530E-1,1.412584335E-1
1.340794771E1,-1.017060652E-1,2.944283783E-1,1.375933439E-1
1.341766052E1,-2.031067163E-1,3.836120665E-1,1.412584335E-1
1.342737422E1,-3.216110766E-1,4.532486796E-1,1.656923145E-1
1.343708860E1,-4.584408700E-1,4.727957845E-1,1.950129867E-1
1.344680219E1,-6.001574397E-1,4.104893506E-1,2.121167034E-1
1.345651500E1,-7.137750387E-1,2.919849753E-1,2.035648525E-1
1.346622870E1,-7.809682488E-1,1.575985998E-1,1.791309565E-1
1.347594308E1,-8.054021001E-1,3.527642787E-2,1.363716573E-1
1.348565667E1,-8.127322793E-1,-3.191677108E-2,8.872556686E-2
1.349536948E1,-8.420529366E-1,-4.779879749E-2,5.696150661E-2
1.350508318E1,-8.921424150E-1,-5.635065958E-2,4.963133857E-2
1.351479755E1,-9.617789984E-1,-9.177979827E-2,7.406523079E-2
1.352451115E1,-1.061957955E0,-1.638597846E-1,1.168245375E-1
1.353422396E1,-1.204896212E0,-2.628170252E-1,1.559187621E-1
1.354393766E1,-1.372268319E0,-3.776563108E-1,1.913478971E-1
1.355365209E1,-1.533532023E0,-4.656183124E-1,2.316638231E-1
1.356336563E1,-1.669140100E0,-4.717268050E-1,2.855710983E-1
1.357307844E1,-1.779092669E0,-3.886515796E-1,3.490992188E-1
1.358279214E1,-1.874384761E0,-2.848075330E-1,3.796415627E-1
1.359250656E1,-1.962346792E0,-1.956238300E-1,3.600944579E-1
1.360222011E1,-2.017323017E0,-2.896943092E-1,3.026748300E-1
1.361193297E1,-2.075964451E0,-5.743491650E-1,2.365505993E-1
1.362164656E1,-2.223789454E0,-9.054283500E-1,2.060082406E-1
1.363136104E1,-2.435142517E0,-1.203521848E0,2.182251811E-1
1.364107458E1,-2.574415684E0,-1.408766508E0,2.684673667E-1
1.365078745E1,-2.532878160E0,-1.463742733E0,3.564293683E-1
1.366050104E1,-2.372836113E0,-1.296370625E0,4.529432356E-1
1.367021552E1,-2.260440350E0,-9.249754548E-1,5.738909841E-1
1.367992907E1,-2.297091007E0,-4.314108789E-1,7.204943299E-1
1.368964193E1,-2.416817188E0,1.685938388E-1,8.670976758E-1
1.369935552E1,-2.435142517E0,6.804838181E-1,1.011257648E0
1.370907000E1,-2.310529709E0,9.639169574E-1,1.124875188E0
1.371878360E1,-2.122388840E0,1.108076930E0,1.181073189E0
1.372849641E1,-1.988002419E0,1.134954214E0,1.200620294E0
1.373821000E1,-1.925696015E0,1.136175871E0,1.221389055E0
1.374792448E1,-1.885380030E0,1.187487125E0,1.232384324E0
1.375763808E1,-1.847507477E0,1.145949483E0,1.104106426E0
1.376735089E1,-1.810856700E0,8.979454637E-1,7.876875401E-1
1.377706459E1,-1.831625462E0,5.583143830E-1,3.943018913E-1
1.378677896E1,-1.977007151E0,3.396310806E-1,9.972081333E-2
1.379649255E1,-2.177365065E0,2.321219593E-1,-2.611372061E-2
1.380620537E1,-2.330076933E0,1.368297935E-1,-2.489202656E-2
1.381591907E1,-2.389939785E0,-2.596100792E-3,3.985778242E-2
1.382563344E1,-2.387496471E0,-1.406475753E-1,1.351499557E-1
1.383534703E1,-2.367949486E0,-2.371614426E-1,2.438807636E-1
1.384505985E1,-2.354510784E0,-2.786990702E-1,3.271087110E-1
1.385477354E1,-2.323968410E0,-2.322746664E-1,3.698680103E-1
1.386448797E1,-2.294647694E0,-7.482878864E-3,3.955236077E-1
1.387420151E1,-2.310529709E0,4.752391577E-1,4.236225784E-1
1.388391433E1,-2.281208992E0,9.883508682E-1,4.333961308E-1
1.389362802E1,-2.111393452E0,1.072647810E0,3.368822634E-1
1.390334245E1,-1.891488552E0,7.562289238E-1,1.583621502E-1
1.391305599E1,-1.742441773E0,3.872771561E-1,2.275406010E-2
1.392276886E1,-1.675248623E0,1.293469071E-1,2.275406010E-2
1.393248245E1,-1.676470280E0,-3.191677108E-2,1.754658818E-1
1.394219693E1,-1.710677743E0,-2.336490713E-2,4.468347728E-1
1.395191047E1,-1.710677743E0,2.431172132E-1,7.339329720E-1
1.396162334E1,-1.598281860E0,6.352811456E-1,9.281824231E-1
1.397133693E1,-1.434574842E0,6.719319820E-1,9.672766328E-1
1.398105141E1,-1.460230350E0,2.113531530E-1,8.927532434E-1
1.399076500E1,-1.654479742E0,-4.900522232E-1,7.595885396E-1
1.400047782E1,-1.848729253E0,-9.506310225E-1,5.922164321E-1
1.401019151E1,-1.909814000E0,-1.005607247E0,4.663818777E-1
1.401990589E1,-1.858502746E0,-8.443436027E-1,4.651601911E-1
1.402961948E1,-1.739998460E0,-5.792359114E-1,5.787777901E-1
1.403933229E1,-1.630045891E0,-2.542651594E-1,7.375980616E-1
1.404904599E1,-1.543305635E0,8.903098851E-2,8.829796910E-1
1.405876042E1,-1.445569992E0,3.213056624E-1,9.465078115E-1
1.406847396E1,-1.452900171E0,3.652866483E-1,9.306257963E-1
1.407818677E1,-1.504211426E0,2.822114229E-1,8.414421082E-1
1.408790047E1,-1.489551067E0,9.880454093E-2,7.168292403E-1
1.409761490E1,-1.424801230E0,-1.149920002E-1,5.922164321E-1
1.410732844E1,-1.312405348E0,-3.336753249E-1,4.724903405E-1
1.411704130E1,-1.276976228E0,-5.144860744E-1,3.784198761E-1
1.412675490E1,-1.292858243E0,-5.890094638E-1,3.148917556E-1
1.413646938E1,-1.358829737E0,-7.233958840E-1,2.880144715E-1
1.414618292E1,-1.434574842E0,-8.419002295E-1,3.466558158E-1
1.415589578E1,-1.417471051E0,-7.832589149E-1,4.126273096E-1
1.416560938E1,-1.401589036E0,-7.233958840E-1,4.407263100E-1
1.417532386E1,-1.388150454E0,-8.162446618E-1,4.297310412E-1
1.418503745E1,-1.384485364E0,-9.518527389E-1,4.065188468E-1
1.419475026E1,-1.390593767E0,-1.014159203E0,3.637595475E-1
1.420446396E1,-1.350277901E0,-1.022711039E0,2.916795611E-1
1.421417834E1,-1.307518601E0,-9.384140968E-1,2.096733153E-1
1.422389193E1,-1.259872437E0,-7.453863621E-1,1.437018216E-1
1.423360474E1,-1.179240584E0,-5.621321797E-1,1.094943732E-1
1.424331844E1,-1.116934180E0,-4.619532526E-1,9.972081333E-2
1.425303287E1,-1.070509791E0,-4.424061179E-1,1.046075895E-1
1.426274641E1,-1.020420313E0,-3.923166394E-1,8.994726092E-2
1.427245927E1,-9.190196991E-1,-3.642176688E-1,5.818320066E-2
1.428217287E1,-8.640434742E-1,-3.581092060E-1,4.596625641E-2
1.429188735E1,-8.102889061E-1,-3.141281903E-1,1.542389300E-2
1.430160089E1,-7.247702479E-1,-2.432699203E-1,-2.000524849E-2
1.431131375E1,-6.416950226E-1,-2.786990702E-1,-4.123218823E-3
1.432102745E1,-5.659499764E-1,-2.518217862E-1,-5.344913341E-3
1.433074182E1,-4.596625566E-1,-2.273878902E-1,-4.123218823E-3
1.434045542E1,-3.509317636E-1,-2.310529798E-1,-1.756185852E-2
1.435016823E1,-2.800734639E-1,-1.846285909E-1,-2.733541466E-2
1.435988193E1,-1.823379099E-1,-8.567132801E-2,-5.421269313E-2
1.436959636E1,-1.017060652E-1,1.450762246E-2,-7.620319724E-2
1.437930990E1,-1.527118147E-3,7.925742865E-2,-8.964183182E-2
1.438902276E1,9.865183383E-2,1.417165697E-1,-1.165191159E-1
1.439873636E1,1.939440072E-1,1.869192570E-1,-1.666085869E-1
1.440845084E1,2.684673667E-1,2.235700935E-1,-2.203631550E-1
1.441816438E1,3.454341292E-1,2.589992285E-1,-2.716743052E-1
1.442787724E1,4.175141156E-1,3.005368412E-1,-3.242071867E-1
1.443759084E1,4.932591617E-1,3.677300513E-1,-3.645231128E-1
1.444730532E1,5.421269536E-1,4.544703662E-1,-3.926220834E-1
1.445701891E1,6.007682681E-1,5.057815313E-1,-4.146125913E-1
1.446673172E1,6.716265678E-1,5.277720094E-1,-4.537068009E-1
1.447644542E1,7.437065244E-1,5.448757410E-1,-4.891359508E-1
1.448615979E1,8.170081973E-1,5.595360994E-1,-5.147915483E-1
1.449587339E1,8.719844818E-1,5.888567567E-1,-5.551074743E-1
1.450558620E1,9.379559755E-1,5.766398311E-1,-5.942016840E-1
1.451529990E1,9.819369912E-1,5.485408306E-1,-5.990884304E-1
1.452501432E1,1.047908425E0,5.228852630E-1,-5.966450572E-1
1.453472787E1,1.145644069E0,4.385883212E-1,-5.942016840E-1
1.454444073E1,1.239867210E0,3.628432751E-1,-6.320741773E-1
1.455415432E1,1.274074674E0,2.883199155E-1,-6.821636558E-1
1.456386880E1,1.285069942E0,2.150182426E-1,-7.029324770E-1
1.457358240E1,1.277739763E0,1.195733473E-1,-6.687250137E-1
1.458329521E1,1.307060480E0,7.070557028E-2,-6.051968932E-1
1.459300880E1,1.355928183E0,4.749337584E-2,-5.587725043E-1
1.460272328E1,1.420678020E0,-8.689302206E-2,-5.196782947E-1
1.461243688E1,1.469545841E0,-3.422271907E-1,-5.050179958E-1
1.462214969E1,1.506196618E0,-4.937172830E-1,-5.257867575E-1
1.463186339E1,1.561172843E0,-5.254813433E-1,-5.441122055E-1
1.464157782E1,1.575833201E0,-4.986040890E-1,-5.331169367E-1
1.465129136E1,1.607597232E0,-3.642176688E-1,-5.209000111E-1
1.466100417E1,1.683342338E0,-2.261662036E-1,-5.123481154E-1
1.467071787E1,1.739540339E0,-1.968455315E-1,-4.989095032E-1
1.468043229E1,1.794516563E0,-1.919587553E-1,-4.903576374E-1
1.469014584E1,1.837275863E0,-1.663031727E-1,-4.903576374E-1
1.469985870E1,1.884921908E0,-1.638597846E-1,-4.952444136E-1
1.470957229E1,1.942341566E0,-1.846285909E-1,-5.037962794E-1
1.471928677E1,2.018086672E0,-1.748550236E-1,-5.025745630E-1
1.472900037E1,2.106048584E0,-1.125486046E-1,-4.879142344E-1
1.473871318E1,2.176906824E0,-1.527118147E-4,-4.647020400E-1
1.474842688E1,2.239213228E0,1.073564067E-1,-4.341596961E-1
1.475814125E1,2.269755602E0,1.600419879E-1,-4.170559645E-1
1.476785485E1,2.296633005E0,1.856975704E-1,-4.292729199E-1
1.477756766E1,2.354052544E0,2.370087355E-1,-4.512633979E-1
1.478728136E1,2.405363798E0,2.834331393E-1,-4.512633979E-1
1.479699578E1,2.446901321E0,2.748812735E-1,-4.451549351E-1
1.480670933E1,2.479887247E0,1.930277348E-1,-4.720322192E-1
1.481642219E1,2.462783337E0,1.195733473E-1,-5.147915483E-1
1.482613578E1,2.434684515E0,1.392731816E-1,-5.514423847E-1
1.483585026E1,2.432240963E0,2.333436459E-1,-5.868715048E-1
1.484556386E1,2.449344873E0,3.445178568E-1,-6.394043565E-1
1.485527667E1,2.460340023E0,4.275930822E-1,-6.968240142E-1
1.486499037E1,2.433462858E0,4.153761268E-1,-7.493568659E-1
1.487470474E1,2.380929947E0,3.151971996E-1,-8.092198968E-1
1.488441834E1,2.333283901E0,2.040229887E-1,-8.128849864E-1
1.489413115E1,2.329618692E0,1.930277348E-1,-7.505785823E-1
1.490384485E1,2.431019306E0,3.750602305E-1,-6.821636558E-1
1.491355927E1,2.595948219E0,5.974085927E-1,-6.442911625E-1
1.492327282E1,2.702235460E0,5.986303091E-1,-6.503996253E-1
1.493298568E1,2.716895819E0,3.078670204E-1,-7.200362086E-1
1.494269927E1,2.674136639E0,-6.368082762E-2,-8.776348233E-1
1.495241375E1,2.617938757E0,-4.314108789E-1,-1.023016453E0
1.496212729E1,2.565405846E0,-7.991409302E-1,-1.025459886E0
1.497184016E1,2.517759800E0,-9.933903813E-1,-9.374978542E-1
1.498155375E1,2.492104053E0,-9.652913809E-1,-8.825215697E-1
1.499126823E1,2.461561680E0,-8.138012886E-1,-8.788564801E-1
1.500098182E1,2.432240963E0,-6.574243903E-1,-8.922951221E-1
1.501069464E1,2.437127829E0,-5.572454333E-1,-8.690829277E-1
1.502040834E1,2.451788187E0,-4.534013867E-1,-8.287670016E-1
1.503012271E1,2.461561680E0,-4.253024161E-1,-7.811209559E-1
1.503983630E1,2.417580843E0,-5.254813433E-1,-7.371399403E-1
1.504954912E1,2.318623543E0,-5.694623590E-1,-7.212579250E-1
1.505926282E1,2.191567183E0,-4.020902216E-1,-7.285880446E-1
